1578,"យើងទាំងអស់គ្នាគឺជាសត្វ",https://obione.io/wp-content/uploads/2020/10/2440-7c82e3c3967af7cd0fc0bc6c6c18d468-c82ec97e1e63a2e99b0eac8b0830a4dc-150x150.jpg,"ទំនាក់ទំនងដ៏ល្អមួយរវាងសត្វនិងមនុស្ស និងភាពអង់អាចរបស់យើង!",km,3,The Asia Foundation,gdl,CC-BY-4.0,https://digitallibrary.io/km/books/details/1578,Book,https://digitallibrary.io/km/books/embed/1578,https://obione.io/km/book/%e1%9e%99%e1%9e%be%e1%9e%84%e1%9e%91%e1%9e%b6%e1%9f%86%e1%9e%84%e1%9e%a2%e1%9e%9f%e1%9f%8b%e1%9e%82%e1%9f%92%e1%9e%93%e1%9e%b6%e1%9e%82%e1%9e%ba%e1%9e%87%e1%9e%b6%e1%9e%9f%e1%9e%8f%e1%9f%92%e1%9e%9c/,,https://obione.io/wp-admin/admin.php?page=h5p&task=show&id=2936,2936
1577,"ថ្ងៃលំហែទាំងប្រាំពីរ",https://obione.io/wp-content/uploads/2020/10/2438-7c82e3c3967af7cd0fc0bc6c6c18d468-4dd72c6dcc2cca3105113cd6edbb789a-150x150.jpg,"សូមអាន ដើម្បីដឹងពីសកម្មភាពដ៏រីករាយទាំងឡាយក្នុងថ្ងៃលំហែទាំងប្រាំពីរថ្ងៃ។",km,1,The Asia Foundation,gdl,CC-BY-NC-4.0,https://digitallibrary.io/km/books/details/1577,Book,https://digitallibrary.io/km/books/embed/1577,https://obione.io/km/book/%e1%9e%90%e1%9f%92%e1%9e%84%e1%9f%83%e1%9e%9b%e1%9f%86%e1%9e%a0%e1%9f%82%e1%9e%91%e1%9e%b6%e1%9f%86%e1%9e%84%e1%9e%94%e1%9f%92%e1%9e%9a%e1%9e%b6%e1%9f%86%e1%9e%96%e1%9e%b8%e1%9e%9a/,,https://obione.io/wp-admin/admin.php?page=h5p&task=show&id=2935,2935
1576,"ព្រះនាងកសិករ",https://obione.io/wp-content/uploads/2020/10/2436-7c82e3c3967af7cd0fc0bc6c6c18d468-23d8f2510cf2296fbcba0bb8316dc6eb-150x150.jpg,"តើព្រះនាងអាចក្លាយជាកសិករបានដែរឬទេ? ប្អូនអានរឿងនេះទៅ ដឹងហើយ។",km,3,The Asia Foundation,gdl,CC-BY-NC-SA-4.0,https://digitallibrary.io/km/books/details/1576,Book,https://digitallibrary.io/km/books/embed/1576,https://obione.io/km/book/%e1%9e%96%e1%9f%92%e1%9e%9a%e1%9f%87%e1%9e%93%e1%9e%b6%e1%9e%84%e1%9e%80%e1%9e%9f%e1%9e%b7%e1%9e%80%e1%9e%9a/,,https://obione.io/wp-admin/admin.php?page=h5p&task=show&id=2934,2934
1575,"ដំណើរផ្សងព្រេងរបស់កំពូលគោ",https://obione.io/wp-content/uploads/2020/10/2434-7c82e3c3967af7cd0fc0bc6c6c18d468-caae26be967a3c8e27f85abb260ed48e-150x150.jpg,"រឿងនិទានសម្រាប់កុមារតូច និយាយអំពីគោដែលពេលថ្ងៃទន់ល្មឿយដូចតុក្កតា តែពេលយប់ជា«កំពូលគោ»។",km,2,The Asia Foundation,gdl,CC-BY-3.0,https://digitallibrary.io/km/books/details/1575,Book,https://digitallibrary.io/km/books/embed/1575,https://obione.io/km/book/%e1%9e%8a%e1%9f%86%e1%9e%8e%e1%9e%be%e1%9e%9a%e1%9e%95%e1%9f%92%e1%9e%9f%e1%9e%84%e1%9e%96%e1%9f%92%e1%9e%9a%e1%9f%81%e1%9e%84%e1%9e%9a%e1%9e%94%e1%9e%9f%e1%9f%8b%e1%9e%80%e1%9f%86%e1%9e%96%e1%9e%bc/,,https://obione.io/wp-admin/admin.php?page=h5p&task=show&id=2933,2933
1573,"មិត្តខ្ញុំ",https://obione.io/wp-content/uploads/2020/10/2430-7c82e3c3967af7cd0fc0bc6c6c18d468-63b86d946bff599ec9cc7830da169835-150x150.jpg,"ខ្ញុំមានមិត្តច្រើន។ ខ្ញុំស្រលាញ់ពួកគេទាំងអស់គ្នា តែមានតែម្នាក់ទេដែលពិសេសជាងគេ!",km,2,The Asia Foundation,gdl,CC-BY-4.0,https://digitallibrary.io/km/books/details/1573,Book,https://digitallibrary.io/km/books/embed/1573,https://obione.io/km/book/%e1%9e%98%e1%9e%b7%e1%9e%8f%e1%9f%92%e1%9e%8f%e1%9e%81%e1%9f%92%e1%9e%89%e1%9e%bb%e1%9f%86/,,https://obione.io/wp-admin/admin.php?page=h5p&task=show&id=2931,2931
1574,"ឆែតឆត",https://obione.io/wp-content/uploads/2020/10/2432-7c82e3c3967af7cd0fc0bc6c6c18d468-d03389b513120e4797f33bf0df3b12f4-150x150.jpg,"វាជាថ្ងៃប្រកួតយកពានរង្វាន់កីឡាបាល់ទាត់ដ៏ល្បីល្បាញ ហើយវាក៏ជាថ្ងៃដែលឌីវីយ៉ាមានជំងឺផ្ដាសាយដែរ។ តើនាងអាចលេងបានទេ? អានរឿងនេះ ដើម្បីដឹងថា មានអ្វីកើតឡើងលើឌីវីយ៉ា ព្រមទាំងវិធីចៀសវាងពីជំងឺផ្ដាសាយ!",km,2,The Asia Foundation,gdl,CC-BY-4.0,https://digitallibrary.io/km/books/details/1574,Book,https://digitallibrary.io/km/books/embed/1574,https://obione.io/km/book/%e1%9e%86%e1%9f%82%e1%9e%8f%e1%9e%86%e1%9e%8f/,,https://obione.io/wp-admin/admin.php?page=h5p&task=show&id=2932,2932
1572,"កូនពពែ",https://obione.io/wp-content/uploads/2020/10/2428-7c82e3c3967af7cd0fc0bc6c6c18d468-fd00f71ddddb6c1ebfd6ab3826ebcd28-150x150.jpg,"កូនពពែដើរចេញទៅរកស្មៅផ្អែមឆ្ងាញ់ ហើយវាមិនដឹងថា វាបានចេញឆ្ងាយពីមេរបស់វាទេ។",km,2,The Asia Foundation,gdl,CC-BY-4.0,https://digitallibrary.io/km/books/details/1572,Book,https://digitallibrary.io/km/books/embed/1572,https://obione.io/km/book/%e1%9e%80%e1%9e%bc%e1%9e%93%e1%9e%96%e1%9e%96%e1%9f%82/,,https://obione.io/wp-admin/admin.php?page=h5p&task=show&id=2930,2930
1571,"នៅក្នុងវើលវ៉ាយវិប",https://obione.io/wp-content/uploads/2020/10/2426-7c82e3c3967af7cd0fc0bc6c6c18d468-39f45ea78b0851e634b2bd3a698854f0-150x150.jpg,"តើចេះផ្ញើអ៊ីម៉ែលទេ? ប្រាកដជាចេះ! អ៊ីចឹង ដឹងថា ស្អីគេជាអ៊ីនធឺណិតទេ? អឺ… តិចតួចដែរ។ ហើយតើដឹងថា ស្អីគេជាWWWដែរឬទេ? ណែ... មិនប្រាដកដែរ។ អ្នកកំពុងតែមានអារម្មណ៍ប្លែកៗម៉េចមិនដឹង មែនទេ? អឺ... កុំព្រួយ ណេទីគូទីនៅទីនេះ! ប្រមូលគ្នាមកស្ដាប់មក ព្រោះសម្លាញ់របស់យើងនឹងដោះវេទមន្ត និងអាថ៌កំបាំងនៃខួរក្បាលបច្ចកវិទ្យាដ៏មហាសាល ដែលគេហៅថា វើលវ៉ាយវិប នេះ។",km,3,The Asia Foundation,gdl,CC-BY-4.0,https://digitallibrary.io/km/books/details/1571,Book,https://digitallibrary.io/km/books/embed/1571,https://obione.io/km/book/%e1%9e%93%e1%9f%85%e1%9e%80%e1%9f%92%e1%9e%93%e1%9e%bb%e1%9e%84%e1%9e%9c%e1%9e%be%e1%9e%9b%e1%9e%9c%e1%9f%89%e1%9e%b6%e1%9e%99%e1%9e%9c%e1%9e%b7%e1%9e%94/,,https://obione.io/wp-admin/admin.php?page=h5p&task=show&id=2929,2929
1570,"ល្បែងបិទពួន",https://obione.io/wp-content/uploads/2020/10/2424-7c82e3c3967af7cd0fc0bc6c6c18d468-5f505e2ef618b6197d85814dfa9b23f7-150x150.jpg,"ល្បែងបិទពួនដែលលេងនៅពិធីខួបកំណើតរបស់ សានី ប្រែក្លាយទៅជាឳកាសដ៏សែនរីករាយ នៅពេលដែលឃ្មុំ ឆ្មា និងឆ្កែចាប់ផ្តើមចូលលេងជាមួយដែរ។ តើ សានី អាចយឮរកឃើញមិត្តភក្តិទាំងអស់របស់នាងដែរឬទេនៅចុងបញ្ចប់? តោះ រាប់លេខជាមួយម្ចាស់ខួបកំណើតសាកមើលដើម្បីលេង។",km,2,The Asia Foundation,gdl,CC-BY-4.0,https://digitallibrary.io/km/books/details/1570,Book,https://digitallibrary.io/km/books/embed/1570,https://obione.io/km/book/%e1%9e%9b%e1%9f%92%e1%9e%94%e1%9f%82%e1%9e%84%e1%9e%94%e1%9e%b7%e1%9e%91%e1%9e%96%e1%9e%bd%e1%9e%93/,,https://obione.io/wp-admin/admin.php?page=h5p&task=show&id=2928,2928
1569,"តើខ្ញុំគួរធ្វើម៉ូតសក់អីថ្ងៃនេះ?",https://obione.io/wp-content/uploads/2020/10/2422-7c82e3c3967af7cd0fc0bc6c6c18d468-6ec4fa7b3f504fb26bd8642edb9bbf71-150x150.jpg,"មានម៉ូតស់ជាច្រើន។ តើអ្នកគួរតែមើលទៅដូចអ្នកណា បើអ្នកប្តូរម៉ូតសក់របស់អ្នក?",km,1,The Asia Foundation,gdl,CC-BY-NC-4.0,https://digitallibrary.io/km/books/details/1569,Book,https://digitallibrary.io/km/books/embed/1569,https://obione.io/km/book/%e1%9e%8f%e1%9e%be%e1%9e%81%e1%9f%92%e1%9e%89%e1%9e%bb%e1%9f%86%e1%9e%82%e1%9e%bd%e1%9e%9a%e1%9e%92%e1%9f%92%e1%9e%9c%e1%9e%be%e1%9e%98%e1%9f%89%e1%9e%bc%e1%9e%8f%e1%9e%9f%e1%9e%80%e1%9f%8b%e1%9e%a2/,,https://obione.io/wp-admin/admin.php?page=h5p&task=show&id=2927,2927
1568,"តើថ្នាំដុះធ្មេញចូលក្នុងបំពង់តាមរបៀបណា?",https://obione.io/wp-content/uploads/2020/10/2420-7c82e3c3967af7cd0fc0bc6c6c18d468-608618e20a37ea3d6430e8fcf8c6b986-150x150.jpg,"ច្របាច់ថ្នាំដុះធ្មេញចេញពីបំពង់រាល់ព្រឹក គឺជារឿងធម្មតា។ ប៉ុន្តែ តើអ្នកដឹងទេថា វាចូលទៅក្នុងបំពង់បានដោយរបៀបណា? តោះ ពួកយើងនឹងប្រាប់អ្នកថា យ៉ាងដូចម្ដេច។",km,3,The Asia Foundation,gdl,CC-BY-4.0,https://digitallibrary.io/km/books/details/1568,Book,https://digitallibrary.io/km/books/embed/1568,https://obione.io/km/book/%e1%9e%8f%e1%9e%be%e1%9e%90%e1%9f%92%e1%9e%93%e1%9e%b6%e1%9f%86%e1%9e%8a%e1%9e%bb%e1%9f%87%e1%9e%92%e1%9f%92%e1%9e%98%e1%9f%81%e1%9e%89%e1%9e%85%e1%9e%bc%e1%9e%9b%e1%9e%80%e1%9f%92%e1%9e%93%e1%9e%bb/,,https://obione.io/wp-admin/admin.php?page=h5p&task=show&id=2926,2926
1567,"តើស្រមោចជួយព្រាបដោយរបៀបណា?",https://obione.io/wp-content/uploads/2020/10/2418-7c82e3c3967af7cd0fc0bc6c6c18d468-8ef78b53d9c133344fd5af5820903643-150x150.jpg,"ស្រមោចតូចត្រូវការផឹកទឹក ហើយព្រាបសបានជួយជីវិតវា។ តើស្រមោចតូចអាចជួយព្រាបស ពេលដែលគេត្រូវការជំនួយវិញដែរឬទេ?",km,3,The Asia Foundation,gdl,CC-BY-4.0,https://digitallibrary.io/km/books/details/1567,Book,https://digitallibrary.io/km/books/embed/1567,https://obione.io/km/book/%e1%9e%8f%e1%9e%be%e1%9e%9f%e1%9f%92%e1%9e%9a%e1%9e%98%e1%9f%84%e1%9e%85%e1%9e%87%e1%9e%bd%e1%9e%99%e1%9e%96%e1%9f%92%e1%9e%9a%e1%9e%b6%e1%9e%94%e1%9e%8a%e1%9f%84%e1%9e%99%e1%9e%9a%e1%9e%94%e1%9f%80/,,https://obione.io/wp-admin/admin.php?page=h5p&task=show&id=2925,2925
1566,"ដំរីទឹកចង់រាំ",https://obione.io/wp-content/uploads/2020/10/2416-7c82e3c3967af7cd0fc0bc6c6c18d468-5391dc8dafd6a6f768fe6503c8678860-150x150.jpg,"ដំរីទឹករីករាយមួយចង់រាំ តែនៅពេលដែលវារាំ វាធ្វើឱ្យមានបញ្ហាដល់សត្វដទៃ។ តើវាអាចរាំយ៉ាងសប្បាយដែរឬទេ?",km,3,The Asia Foundation,gdl,CC-BY-4.0,https://digitallibrary.io/km/books/details/1566,Book,https://digitallibrary.io/km/books/embed/1566,https://obione.io/km/book/%e1%9e%8a%e1%9f%86%e1%9e%9a%e1%9e%b8%e1%9e%91%e1%9e%b9%e1%9e%80%e1%9e%85%e1%9e%84%e1%9f%8b%e1%9e%9a%e1%9e%b6%e1%9f%86/,,https://obione.io/wp-admin/admin.php?page=h5p&task=show&id=2924,2924
1565,"ផ្កាយបៃតង",https://obione.io/wp-content/uploads/2020/10/2414-7c82e3c3967af7cd0fc0bc6c6c18d468-0669737ab9c76520b15c91c66031d3de-150x150.jpg,"នីតា ស្រលាញ់មុខវិជ្ជាវិទ្យាសាស្រ្ត។ នាងតែងតែច្នៃសម្ភារៈផ្សេងៗ ដូចជាត្រីវិស័យ​ និង ពន្លឺភ្លើង។ ថ្ងៃមួយ នាងបានឮសំឡេងលាន់ខ្លាំង នៅលើភ្នំខាងក្រោយផ្ទះ។ នាងបានចេញទៅរកមើលប្រភពសំឡេង ហើយបានជួបនឹងកុមារប្រុសចម្លែកម្នាក់។ ពួកគេបានក្លាយជាមិត្តនឹងគ្នា ហើយនីតាបានយកចំណេះដឹងផ្នែកវិទ្យាសាស្រ្តរបស់នាង ដើម្បីជួយក្មេងប្រុសឲ្យត្រឡប់ទៅផ្ទះគេវិញ។",km,3,The Asia Foundation,gdl,CC-BY-NC-4.0,https://digitallibrary.io/km/books/details/1565,Book,https://digitallibrary.io/km/books/embed/1565,https://obione.io/km/book/%e1%9e%95%e1%9f%92%e1%9e%80%e1%9e%b6%e1%9e%99%e1%9e%94%e1%9f%83%e1%9e%8f%e1%9e%84/,,https://obione.io/wp-admin/admin.php?page=h5p&task=show&id=2923,2923
1564,"កញ្ជ្រោងកញ្ជ្រឹកលេងល្បិច",https://obione.io/wp-content/uploads/2020/10/2412-7c82e3c3967af7cd0fc0bc6c6c18d468-b580b302e5b270788c6b2f7b681fac2f-150x150.jpg,"កញ្ជ្រោងកញ្ជ្រឹកជាកញ្ជ្រោងវាងវៃ ហើយវាលក់ផ្លៃឪឡឹក។ ថ្ងៃមួយ វាមានគំនិតល្អមួយ។ សត្វផ្សេងៗមិនសប្បាយចិត្តទេ។ តើពួកគេនឹងធ្វើយ៉ាងណា ដើម្បីឱ្យវារាងចាល?",km,2,The Asia Foundation,gdl,CC-BY-4.0,https://digitallibrary.io/km/books/details/1564,Book,https://digitallibrary.io/km/books/embed/1564,https://obione.io/km/book/%e1%9e%80%e1%9e%89%e1%9f%92%e1%9e%87%e1%9f%92%e1%9e%9a%e1%9f%84%e1%9e%84%e1%9e%80%e1%9e%89%e1%9f%92%e1%9e%87%e1%9f%92%e1%9e%9a%e1%9e%b9%e1%9e%80%e1%9e%9b%e1%9f%81%e1%9e%84%e1%9e%9b%e1%9f%92%e1%9e%94/,,https://obione.io/wp-admin/admin.php?page=h5p&task=show&id=2922,2922
1563,"រួញ និងត្រង់",https://obione.io/wp-content/uploads/2020/10/2410-7c82e3c3967af7cd0fc0bc6c6c18d468-786c4bba281045aef01fe29a77923a52-150x150.jpg,"តើអ្នកចូលចិត្តកន្ទុយរួញឬក៏កន្ទុយត្រង់? មានវត្ថុជាច្រើនដែលយើងចូលចិត្តទោះបីវាមានរាងរួញឬក៏រាងត្រង់ក៏ដោយ…",km,1,The Asia Foundation,gdl,CC-BY-4.0,https://digitallibrary.io/km/books/details/1563,Book,https://digitallibrary.io/km/books/embed/1563,https://obione.io/km/book/%e1%9e%9a%e1%9e%bd%e1%9e%89-%e1%9e%93%e1%9e%b7%e1%9e%84%e1%9e%8f%e1%9f%92%e1%9e%9a%e1%9e%84%e1%9f%8b/,,https://obione.io/wp-admin/admin.php?page=h5p&task=show&id=2921,2921
1562,"កូនដំរីពូកែឆ្ងល់",https://obione.io/wp-content/uploads/2020/10/2408-7c82e3c3967af7cd0fc0bc6c6c18d468-f14d1c03cddf80f045705ff3d406c9b9-150x150.jpg,"ដំរីទាំងអស់មានច្រមុះវែង។ នេះជារឿងដែលបង្ហាញថា ហេតុអ្វីច្រមុះរបស់ពួកវាវែង។",km,2,The Asia Foundation,gdl,CC-BY-4.0,https://digitallibrary.io/km/books/details/1562,Book,https://digitallibrary.io/km/books/embed/1562,https://obione.io/km/book/%e1%9e%80%e1%9e%bc%e1%9e%93%e1%9e%8a%e1%9f%86%e1%9e%9a%e1%9e%b8%e1%9e%96%e1%9e%bc%e1%9e%80%e1%9f%82%e1%9e%86%e1%9f%92%e1%9e%84%e1%9e%9b%e1%9f%8b/,,https://obione.io/wp-admin/admin.php?page=h5p&task=show&id=2920,2920
1561,"រាប់លេខ",https://obione.io/wp-content/uploads/2020/10/2406-7c82e3c3967af7cd0fc0bc6c6c18d468-fbc8fa3f51aabb966b78efd7e2d42bc8-150x150.jpg,"ក្បែរថ្លុកទឹកក្នុងព្រៃ យើងនាំគ្នារាប់ចំនួនសត្វដែលមកផឹកទឹក។ តើប្អូនគិតថា នឹងមានអ្វីកើតឡើង នៅពេលដែលតោមកផឹកដែរនោះ?",km,1,The Asia Foundation,gdl,CC-BY-NC-3.0,https://digitallibrary.io/km/books/details/1561,Book,https://digitallibrary.io/km/books/embed/1561,https://obione.io/km/book/%e1%9e%9a%e1%9e%b6%e1%9e%94%e1%9f%8b%e1%9e%9b%e1%9f%81%e1%9e%81/,,https://obione.io/wp-admin/admin.php?page=h5p&task=show&id=2919,2919
1560,"ពណ៌ធម្មជាតិ",https://obione.io/wp-content/uploads/2020/10/2404-7c82e3c3967af7cd0fc0bc6c6c18d468-cd820eeb891d62b279a4407ff6282b8a-150x150.jpg,"វិចិត្រករល្បីល្បាញម្នាក់ គូររូបអំពីពណ៌ធម្មជាតិ ជាស្នាដៃមួយគួរឱ្យចូលចិត្តសម្រាប់មិត្តអ្នកអានជាកុមារ។",km,1,The Asia Foundation,gdl,CC-BY-4.0,https://digitallibrary.io/km/books/details/1560,Book,https://digitallibrary.io/km/books/embed/1560,https://obione.io/km/book/%e1%9e%96%e1%9e%8e%e1%9f%8c%e1%9e%92%e1%9e%98%e1%9f%92%e1%9e%98%e1%9e%87%e1%9e%b6%e1%9e%8f%e1%9e%b7/,,https://obione.io/wp-admin/admin.php?page=h5p&task=show&id=2918,2918
1559,"បងឆ្មានិងបងឆ្កែ៖ បងឆ្កែរងា",https://obione.io/wp-content/uploads/2020/10/2402-7c82e3c3967af7cd0fc0bc6c6c18d468-4b6c3bb6b7cb8afa9426a7559fa08f6a-150x150.jpg,"បងឆ្កែរងាណាស់! សំណាងហើយដែលបងឆ្មាមានរបស់ជាច្រើនឱ្យបងឆ្កែស្លៀកពាក់!",km,1,The Asia Foundation,gdl,CC-BY-4.0,https://digitallibrary.io/km/books/details/1559,Book,https://digitallibrary.io/km/books/embed/1559,https://obione.io/km/book/%e1%9e%94%e1%9e%84%e1%9e%86%e1%9f%92%e1%9e%98%e1%9e%b6%e1%9e%93%e1%9e%b7%e1%9e%84%e1%9e%94%e1%9e%84%e1%9e%86%e1%9f%92%e1%9e%80%e1%9f%82%e1%9f%96-%e1%9e%94%e1%9e%84%e1%9e%86%e1%9f%92%e1%9e%80%e1%9f%82/,,https://obione.io/wp-admin/admin.php?page=h5p&task=show&id=2917,2917
1558,"បងឆ្មា បងឆ្កែ និង ភ្លៀង",https://obione.io/wp-content/uploads/2020/10/2400-7c82e3c3967af7cd0fc0bc6c6c18d468-4aae53bfff4dd4b248e573bf79c975ee-150x150.jpg,"បងឆ្មា និងបងឆ្កែ ជាប់កណ្ដាលភ្លៀង។ តើកាបូបពួកគេទទឹកដែរទេ ឬក៏មានសម្លាញ់ណាម្នាក់យកឆត្រមកឲ្យទាន់ពេល?",km,1,The Asia Foundation,gdl,CC-BY-4.0,https://digitallibrary.io/km/books/details/1558,Book,https://digitallibrary.io/km/books/embed/1558,https://obione.io/km/book/%e1%9e%94%e1%9e%84%e1%9e%86%e1%9f%92%e1%9e%98%e1%9e%b6-%e1%9e%94%e1%9e%84%e1%9e%86%e1%9f%92%e1%9e%80%e1%9f%82-%e1%9e%93%e1%9e%b7%e1%9e%84-%e1%9e%97%e1%9f%92%e1%9e%9b%e1%9f%80%e1%9e%84/,,https://obione.io/wp-admin/admin.php?page=h5p&task=show&id=2916,2916
1557,"នេះ និង នោះ",https://obione.io/wp-content/uploads/2020/10/2398-7c82e3c3967af7cd0fc0bc6c6c18d468-1da5addab8f7dd0dff14372cb5258cc0-150x150.jpg,"ម៉េវម៉េវ និងក្មេងស្រីតូចចូលចិត្តធ្វើអ្វីផ្សេងគ្នា។ ប៉ុន្តែមានរឿងមួយដែលពួកគេទាំងពីរចូលចិត្តដូចគ្នា។ តើអ្នកគិតថាវាជាអ្វី?",km,1,The Asia Foundation,gdl,CC-BY-4.0,https://digitallibrary.io/km/books/details/1557,Book,https://digitallibrary.io/km/books/embed/1557,https://obione.io/km/book/%e1%9e%93%e1%9f%81%e1%9f%87-%e1%9e%93%e1%9e%b7%e1%9e%84-%e1%9e%93%e1%9f%84%e1%9f%87/,,https://obione.io/wp-admin/admin.php?page=h5p&task=show&id=2915,2915
1556,"ព្រះនាងតមសំណួរ",https://obione.io/wp-content/uploads/2020/10/2396-7c82e3c3967af7cd0fc0bc6c6c18d468-3940c27945f9fad1301910da7a601bed-150x150.jpg,"ចំណាន ចូលចិត្តស្ដាប់រឿងនិទាន។ គេសួរសំណួរច្រើនណាស់ ដែលសំណួរខ្លះធ្វើអោយប៉ាគេពិបាកនឹងឆ្លើយ។ យប់មួយ តួអង្គក្នុងសៀវភៅបានលេចចេញជារូបរាងឡើង។ តួអង្គនោះ គឺជាព្រះនាងម្ចាស់ ដែលស្ថិតនៅក្រោមមន្តអាគមយាយធ្មប់។ ចំណានសួរសំណួរជាច្រើនទៅកាន់ព្រះនាង ដែលជាមូលហេតុធ្វើអោយមន្តអាគមនោះសាបរលាប។ នៅយប់បន្ទាប់ ចំណានបាននិទានរឿងព្រះនាងតមសំនួរទៅអោយលោកប៉ាគេស្ដាប់។",km,3,The Asia Foundation,gdl,CC-BY-4.0,https://digitallibrary.io/km/books/details/1556,Book,https://digitallibrary.io/km/books/embed/1556,https://obione.io/km/book/%e1%9e%96%e1%9f%92%e1%9e%9a%e1%9f%87%e1%9e%93%e1%9e%b6%e1%9e%84%e1%9e%8f%e1%9e%98%e1%9e%9f%e1%9f%86%e1%9e%8e%e1%9e%bd%e1%9e%9a/,,https://obione.io/wp-admin/admin.php?page=h5p&task=show&id=2914,2914
1555,"រឿងសម្ងាត់រស់ព្រះរាជា",https://obione.io/wp-content/uploads/2020/10/2394-7c82e3c3967af7cd0fc0bc6c6c18d468-967526433f72cd4ba48512bdd375cf84-150x150.jpg,"ព្រះរាជាមានរឿងសម្ងាត់មួយ ដែលគ្មាននរណាម្នាក់គួរដឹងឡើយ។ តើវាអាចជាអ្វីទៅ?",km,3,The Asia Foundation,gdl,CC-BY-NC-SA-4.0,https://digitallibrary.io/km/books/details/1555,Book,https://digitallibrary.io/km/books/embed/1555,https://obione.io/km/book/%e1%9e%9a%e1%9e%bf%e1%9e%84%e1%9e%9f%e1%9e%98%e1%9f%92%e1%9e%84%e1%9e%b6%e1%9e%8f%e1%9f%8b%e1%9e%9a%e1%9e%9f%e1%9f%8b%e1%9e%96%e1%9f%92%e1%9e%9a%e1%9f%87%e1%9e%9a%e1%9e%b6%e1%9e%87%e1%9e%b6/,,https://obione.io/wp-admin/admin.php?page=h5p&task=show&id=2913,2913
1554,"ដូចគ្នា ឬ ខុសគ្នា",https://obione.io/wp-content/uploads/2020/10/2392-7c82e3c3967af7cd0fc0bc6c6c18d468-1565fe24e646c20329bd8a65e625dd0d-150x150.jpg,"តើអ្នកអាចមានតែមិត្តណា ដែលមានរូបរាងដូចអ្នកតែប៉ុណ្ណោះមែនទេ? តើវាខុសមែនទេ បើមានមិត្តល្អដែលមានរូបរាងខុសពីយើងនោះ? រៀបរាប់ចម្លើយរបស់សំណួរទាំងនេះ ជាមួយពស់ និងចាបក្នុងរឿងដ៏កក់ក្ដៅ ដែលនិយាយអំពីមិត្តភាពនេះ។",km,3,The Asia Foundation,gdl,CC-BY-4.0,https://digitallibrary.io/km/books/details/1554,Book,https://digitallibrary.io/km/books/embed/1554,https://obione.io/km/book/%e1%9e%8a%e1%9e%bc%e1%9e%85%e1%9e%82%e1%9f%92%e1%9e%93%e1%9e%b6-%e1%9e%ac-%e1%9e%81%e1%9e%bb%e1%9e%9f%e1%9e%82%e1%9f%92%e1%9e%93%e1%9e%b6/,,https://obione.io/wp-admin/admin.php?page=h5p&task=show&id=2912,2912
1553,"ដំណើរស្ទូចត្រីរបស់សម្លាញ់បីនាក់",https://obione.io/wp-content/uploads/2020/10/2390-7c82e3c3967af7cd0fc0bc6c6c18d468-c445bb4f18fc54eab2460b593b9c6442-150x150.jpg,"សៀវភៅនេះ និទានអំពីដំណើររឿងដ៏គួរឲ្យអស់សំណើចមួយរវាងសម្លាញ់បីនាក់ និងត្រីបីក្បាល",km,1,The Asia Foundation,gdl,CC-BY-4.0,https://digitallibrary.io/km/books/details/1553,Book,https://digitallibrary.io/km/books/embed/1553,https://obione.io/km/book/%e1%9e%8a%e1%9f%86%e1%9e%8e%e1%9e%be%e1%9e%9a%e1%9e%9f%e1%9f%92%e1%9e%91%e1%9e%bc%e1%9e%85%e1%9e%8f%e1%9f%92%e1%9e%9a%e1%9e%b8%e1%9e%9a%e1%9e%94%e1%9e%9f%e1%9f%8b%e1%9e%9f%e1%9e%98%e1%9f%92%e1%9e%9b/,,https://obione.io/wp-admin/admin.php?page=h5p&task=show&id=2911,2911
1552,"សួស្ដី",https://obione.io/wp-content/uploads/2020/10/2388-7c82e3c3967af7cd0fc0bc6c6c18d468-4d9e0dd6cff4429b809dc74b4a7c0443-150x150.jpg,"ឡូឡូមានមិត្តគួរឱ្យស្រលាញ់ច្រើនណាស់។ ពួកគេមានដូចជាព្រះអាទិត្យ ព្រះចន្ទ និងចាបទៀត។ នាងចង់ណែនាំពួកគេឱ្យអ្នកបានស្គាល់។",km,1,The Asia Foundation,gdl,CC-BY-4.0,https://digitallibrary.io/km/books/details/1552,Book,https://digitallibrary.io/km/books/embed/1552,https://obione.io/km/book/%e1%9e%9f%e1%9e%bd%e1%9e%9f%e1%9f%92%e1%9e%8a%e1%9e%b8/,,https://obione.io/wp-admin/admin.php?page=h5p&task=show&id=2910,2910
1551,"ហ្គុលនៅក្នុងលំហ",https://obione.io/wp-content/uploads/2020/10/2386-7c82e3c3967af7cd0fc0bc6c6c18d468-bb26738b806b02dae3032d4e8a3df575-150x150.jpg,"តើអ្នកចង់ធ្វើអ្វី ក្នុងថ្ងៃខួបកំណើតរបស់អ្នក? ចុះបើទៅដើរលើអវកាស យ៉ាងម៉េចដែរ! នេះជារឿងដែលនឹងធ្វើឱ្យអ្នកសប្បាយអាន… ហើយបើមិនពុលអីទេ នៅកន្លែងហ្នឹងហើយ! តោះទៅមើលលំហអាកាសជាមួយអវកាសចរហ្គុល!",km,3,The Asia Foundation,gdl,CC-BY-4.0,https://digitallibrary.io/km/books/details/1551,Book,https://digitallibrary.io/km/books/embed/1551,https://obione.io/km/book/%e1%9e%a0%e1%9f%92%e1%9e%82%e1%9e%bb%e1%9e%9b%e1%9e%93%e1%9f%85%e1%9e%80%e1%9f%92%e1%9e%93%e1%9e%bb%e1%9e%84%e1%9e%9b%e1%9f%86%e1%9e%a0/,,https://obione.io/wp-admin/admin.php?page=h5p&task=show&id=2909,2909
1549,"ពពក",https://obione.io/wp-content/uploads/2020/10/2382-7c82e3c3967af7cd0fc0bc6c6c18d468-7ef2bef4c769634189ed7567589dd06a-150x150.jpg,"តើពពកអាចធ្វើអ្វីបាន ក្នុងធម្មជាតិ?",km,1,The Asia Foundation,gdl,CC-BY-3.0,https://digitallibrary.io/km/books/details/1549,Book,https://digitallibrary.io/km/books/embed/1549,https://obione.io/km/book/%e1%9e%96%e1%9e%96%e1%9e%80/,,https://obione.io/wp-admin/admin.php?page=h5p&task=show&id=2907,2907
1550,"ពពែ ឆ្កែ គោ និងទូរទស្សន៍",https://obione.io/wp-content/uploads/2020/10/2384-7c82e3c3967af7cd0fc0bc6c6c18d468-981cb7bd4d37f22be2ddc4e07c635f40-150x150.jpg,"ពពែ ឆ្កែ និងគោនាំគ្នាទៅទីក្រុង ដើម្បីទិញអីវ៉ាន់។ តើពួកវាទិញអ្វីខ្លះ?",km,2,The Asia Foundation,gdl,CC-BY-3.0,https://digitallibrary.io/km/books/details/1550,Book,https://digitallibrary.io/km/books/embed/1550,https://obione.io/km/book/%e1%9e%96%e1%9e%96%e1%9f%82-%e1%9e%86%e1%9f%92%e1%9e%80%e1%9f%82-%e1%9e%82%e1%9f%84-%e1%9e%93%e1%9e%b7%e1%9e%84%e1%9e%91%e1%9e%bc%e1%9e%9a%e1%9e%91%e1%9e%9f%e1%9f%92%e1%9e%9f%e1%9e%93%e1%9f%8d/,,https://obione.io/wp-admin/admin.php?page=h5p&task=show&id=2908,2908
1548,"ឆ្មាស្អាត",https://obione.io/wp-content/uploads/2020/10/2380-7c82e3c3967af7cd0fc0bc6c6c18d468-fa6c819187292bf43b8a6c90496a5397-150x150.jpg,"អ្នកមុជទឹក តែឆ្មាមិនមុជទេ។ ប៉ុន្តែ ហេតុអ្វីបានជាយើងថា ឆ្មាស្អាត?",km,2,The Asia Foundation,gdl,CC-BY-4.0,https://digitallibrary.io/km/books/details/1548,Book,https://digitallibrary.io/km/books/embed/1548,https://obione.io/km/book/%e1%9e%86%e1%9f%92%e1%9e%98%e1%9e%b6%e1%9e%9f%e1%9f%92%e1%9e%a2%e1%9e%b6%e1%9e%8f/,,https://obione.io/wp-admin/admin.php?page=h5p&task=show&id=2906,2906
1547,"បងឆ្មា បងឆ្កែ និងមួក",https://obione.io/wp-content/uploads/2020/10/2378-7c82e3c3967af7cd0fc0bc6c6c18d468-04103dd0edc94f1bbe6045332ae47bbf-150x150.jpg,"បងឆ្មានិងបងឆ្កែមានមួកថ្មី។ ប៉ុន្តែពួកគេនឹងត្រូវធ្វើអី្វ បន្ទាប់ពីខ្យល់បក់មួកធ្លាក់ក្នុងបឹង? សង្ឈឹមថាពួកគេមានមិត្តស្រេកទឹកនៅក្បែរ!",km,1,The Asia Foundation,gdl,CC-BY-4.0,https://digitallibrary.io/km/books/details/1547,Book,https://digitallibrary.io/km/books/embed/1547,https://obione.io/km/book/%e1%9e%94%e1%9e%84%e1%9e%86%e1%9f%92%e1%9e%98%e1%9e%b6-%e1%9e%94%e1%9e%84%e1%9e%86%e1%9f%92%e1%9e%80%e1%9f%82-%e1%9e%93%e1%9e%b7%e1%9e%84%e1%9e%98%e1%9e%bd%e1%9e%80/,,https://obione.io/wp-admin/admin.php?page=h5p&task=show&id=2905,2905
1546,"បងឆ្មា បងឆ្កែ និង មេអំបៅ",https://obione.io/wp-content/uploads/2020/10/2376-7c82e3c3967af7cd0fc0bc6c6c18d468-efdb93be865ed973d2d9f590b0ceb219-150x150.jpg,"បងឆ្មា និងបងឆ្កែ ចង់ចាប់មេអំបៅចម្រុះពណ៌។ ប៉ុន្តែមេអំបៅហើរលឿនណាស់!",km,1,The Asia Foundation,gdl,CC-BY-4.0,https://digitallibrary.io/km/books/details/1546,Book,https://digitallibrary.io/km/books/embed/1546,https://obione.io/km/book/%e1%9e%94%e1%9e%84%e1%9e%86%e1%9f%92%e1%9e%98%e1%9e%b6-%e1%9e%94%e1%9e%84%e1%9e%86%e1%9f%92%e1%9e%80%e1%9f%82-%e1%9e%93%e1%9e%b7%e1%9e%84-%e1%9e%98%e1%9f%81%e1%9e%a2%e1%9f%86%e1%9e%94%e1%9f%85/,,https://obione.io/wp-admin/admin.php?page=h5p&task=show&id=2904,2904
1545,"បងឆ្មា បងឆ្កែ និងបាល់",https://obione.io/wp-content/uploads/2020/10/2374-7c82e3c3967af7cd0fc0bc6c6c18d468-6d838aa13e38b537c37541cda223b3d6-150x150.jpg,"ពេលដែលបងឆ្មានិងបងឆ្កែកំពុងលេងបាល់ជាមួយគ្នាយ៉ាងសប្បាយរីករាយនោះ ស្រាប់តែមានរឿងអាក្រក់មួយបានកើតឡើង ប៉ុន្តែសំណាងល្អបានបងដំរីចូលមកជួយ.....",km,1,The Asia Foundation,gdl,CC-BY-4.0,https://digitallibrary.io/km/books/details/1545,Book,https://digitallibrary.io/km/books/embed/1545,https://obione.io/km/book/%e1%9e%94%e1%9e%84%e1%9e%86%e1%9f%92%e1%9e%98%e1%9e%b6-%e1%9e%94%e1%9e%84%e1%9e%86%e1%9f%92%e1%9e%80%e1%9f%82-%e1%9e%93%e1%9e%b7%e1%9e%84%e1%9e%94%e1%9e%b6%e1%9e%9b%e1%9f%8b/,,https://obione.io/wp-admin/admin.php?page=h5p&task=show&id=2903,2903
1543,"តើអូអូនៅឯណា?",https://obione.io/wp-content/uploads/2020/10/2370-7c82e3c3967af7cd0fc0bc6c6c18d468-f51903d1eafc83bc4ec7b9098787ac5d-150x150.jpg,"នៅពេលដែលតូតូឃើញថា ទ្រុងអូអូទទេ គាត់ដឹងភ្លាមថា គាត់នឹងមានបញ្ហាហើយ។ តើអ្នកអាចជួយតូតូរកអូអូផងបានទេ?",km,3,The Asia Foundation,gdl,CC-BY-4.0,https://digitallibrary.io/km/books/details/1543,Book,https://digitallibrary.io/km/books/embed/1543,https://obione.io/km/book/%e1%9e%8f%e1%9e%be%e1%9e%a2%e1%9e%bc%e1%9e%a2%e1%9e%bc%e1%9e%93%e1%9f%85%e1%9e%af%e1%9e%8e%e1%9e%b6/,,https://obione.io/wp-admin/admin.php?page=h5p&task=show&id=2901,2901
1544,"ផ្លុំប៉េងប៉ោង",https://obione.io/wp-content/uploads/2020/10/2372-7c82e3c3967af7cd0fc0bc6c6c18d468-cc0e0cde2e926dedea9d6ec193649989-150x150.jpg,"សានុ និងមិត្តភក្តិផ្លុំប៉េងប៉ោង ហើយប៉េងប៉ោងបែក។ ប្អូនគិតថាមានរឿងអ្វីកើតឡើងនៅពេលប៉េងប៉ោងចុងក្រោយបែក?",km,1,The Asia Foundation,gdl,CC-BY-NC-4.0,https://digitallibrary.io/km/books/details/1544,Book,https://digitallibrary.io/km/books/embed/1544,https://obione.io/km/book/%e1%9e%95%e1%9f%92%e1%9e%9b%e1%9e%bb%e1%9f%86%e1%9e%94%e1%9f%89%e1%9f%81%e1%9e%84%e1%9e%94%e1%9f%89%e1%9f%84%e1%9e%84/,,https://obione.io/wp-admin/admin.php?page=h5p&task=show&id=2902,2902
1542,"ខ្លែងពណ៌ក្រហម",https://obione.io/wp-content/uploads/2020/10/2368-7c82e3c3967af7cd0fc0bc6c6c18d468-76b67fc1b1c34d9d4037f73eb35a66b6-150x150.jpg,"ខ្លែងពណ៌ក្រហមទើរលើដើមឈើ។ ស្វែងរកថាតើបក្សីទាំងនោះនិយាយអ្វីខ្លះទៅកាន់វត្ថុចម្លែកដែលទើរលើដើមឈើ។",km,1,The Asia Foundation,gdl,CC-BY-NC-4.0,https://digitallibrary.io/km/books/details/1542,Book,https://digitallibrary.io/km/books/embed/1542,https://obione.io/km/book/%e1%9e%81%e1%9f%92%e1%9e%9b%e1%9f%82%e1%9e%84%e1%9e%96%e1%9e%8e%e1%9f%8c%e1%9e%80%e1%9f%92%e1%9e%9a%e1%9e%a0%e1%9e%98/,,https://obione.io/wp-admin/admin.php?page=h5p&task=show&id=2900,2900
1540,"រង្វង់មូលពណ៌លឿងរីករាយ",https://obione.io/wp-content/uploads/2020/10/2364-7c82e3c3967af7cd0fc0bc6c6c18d468-897c8412629295508b7153eb2be08ef3-150x150.jpg,"រង្វង់មូលពណ៌លឿងមួយក្លាយជារង្វង់មូលដែលរីករាយ នៅពេលដែលរាងផ្សេងៗទៀតជួយគេ។",km,2,The Asia Foundation,gdl,CC-BY-NC-4.0,https://digitallibrary.io/km/books/details/1540,Book,https://digitallibrary.io/km/books/embed/1540,https://obione.io/km/book/%e1%9e%9a%e1%9e%84%e1%9f%92%e1%9e%9c%e1%9e%84%e1%9f%8b%e1%9e%98%e1%9e%bc%e1%9e%9b%e1%9e%96%e1%9e%8e%e1%9f%8c%e1%9e%9b%e1%9e%bf%e1%9e%84%e1%9e%9a%e1%9e%b8%e1%9e%80%e1%9e%9a%e1%9e%b6%e1%9e%99/,,https://obione.io/wp-admin/admin.php?page=h5p&task=show&id=2898,2898
1541,"ព្រះច័ន្ទ និងមួកកន្តឹប",https://obione.io/wp-content/uploads/2020/10/2366-7c82e3c3967af7cd0fc0bc6c6c18d468-b38ea60041574f8a5984afbc317262c3-150x150.jpg,"តើអ្នកចូលចិត្តពាក់មួយកន្តឹបពេលថ្ងៃទេ? តោះទៅមើលទាំងអស់គ្នាថា តើមានអ្នកណាខ្លះចូលចិត្តពាក់មួក ជាមួយដំណើររឿងដ៏ល្អនេះ។",km,3,The Asia Foundation,gdl,CC-BY-4.0,https://digitallibrary.io/km/books/details/1541,Book,https://digitallibrary.io/km/books/embed/1541,https://obione.io/km/book/%e1%9e%96%e1%9f%92%e1%9e%9a%e1%9f%87%e1%9e%85%e1%9f%90%e1%9e%93%e1%9f%92%e1%9e%91-%e1%9e%93%e1%9e%b7%e1%9e%84%e1%9e%98%e1%9e%bd%e1%9e%80%e1%9e%80%e1%9e%93%e1%9f%92%e1%9e%8f%e1%9e%b9%e1%9e%94/,,https://obione.io/wp-admin/admin.php?page=h5p&task=show&id=2899,2899
1539,"ក្អែកឡូឡា",https://obione.io/wp-content/uploads/2020/10/2362-7c82e3c3967af7cd0fc0bc6c6c18d468-4c6d7b4b6cc5f57eb5931ddf00fae817-150x150.jpg,"ខ្វាកៗ! ក្អែកក្នុងរឿងនេះកំពុងតែបូលហៅអ្នកអានវ័យក្មេងទាំងអស់ ឱ្យមកអានរឿងជាមួយវាដែរ។",km,2,The Asia Foundation,gdl,CC-BY-4.0,https://digitallibrary.io/km/books/details/1539,Book,https://digitallibrary.io/km/books/embed/1539,https://obione.io/km/book/%e1%9e%80%e1%9f%92%e1%9e%a2%e1%9f%82%e1%9e%80%e1%9e%a1%e1%9e%bc%e1%9e%a1%e1%9e%b6/,,https://obione.io/wp-admin/admin.php?page=h5p&task=show&id=2897,2897
1538,"ទៅលេងផ្សារ",https://obione.io/wp-content/uploads/2020/10/2360-7c82e3c3967af7cd0fc0bc6c6c18d468-c4854743453eb0c4797f156eabacca2f-150x150.jpg,"មានរបស់របរច្រើនណាស់ដែលអាចឃើញនិងធ្វើបាន នៅផ្សារ។ តើអ្នកធ្លាប់ឃើញអ្វីខ្លះ នៅផ្សារ?",km,1,The Asia Foundation,gdl,CC-BY-NC-4.0,https://digitallibrary.io/km/books/details/1538,Book,https://digitallibrary.io/km/books/embed/1538,https://obione.io/km/book/%e1%9e%91%e1%9f%85%e1%9e%9b%e1%9f%81%e1%9e%84%e1%9e%95%e1%9f%92%e1%9e%9f%e1%9e%b6%e1%9e%9a/,,https://obione.io/wp-admin/admin.php?page=h5p&task=show&id=2896,2896
1537,"ខ្ញុំចេះឡើង!",https://obione.io/wp-content/uploads/2020/10/2358-7c82e3c3967af7cd0fc0bc6c6c18d468-a8a518499c5166d9e046be1242b1e37c-150x150.jpg,"នេះគឺជាក្មេងប្រុសម្នាក់ដែលកំពុងរៀនឡើង ប៉ុន្តែតើគេចុះវិញបានទេ?",km,2,The Asia Foundation,gdl,CC-BY-4.0,https://digitallibrary.io/km/books/details/1537,Book,https://digitallibrary.io/km/books/embed/1537,https://obione.io/km/book/%e1%9e%81%e1%9f%92%e1%9e%89%e1%9e%bb%e1%9f%86%e1%9e%85%e1%9f%81%e1%9f%87%e1%9e%a1%e1%9e%be%e1%9e%84/,,https://obione.io/wp-admin/admin.php?page=h5p&task=show&id=2895,2895
1536,"ខ្ញុំមិនខ្លាចទេ",https://obione.io/wp-content/uploads/2020/10/2356-7c82e3c3967af7cd0fc0bc6c6c18d468-fa711dec680411d0b29d1ffc1e1b9901-150x150.jpg,"ក្មេងស្រីម្នាក់ដើរទៅខាងក្រៅផ្ទះពេលងងឹតតែម្នាក់ឯង។ តើនាងឃើញអ្វីខ្លះ?",km,1,The Asia Foundation,gdl,CC-BY-4.0,https://digitallibrary.io/km/books/details/1536,Book,https://digitallibrary.io/km/books/embed/1536,https://obione.io/km/book/%e1%9e%81%e1%9f%92%e1%9e%89%e1%9e%bb%e1%9f%86%e1%9e%98%e1%9e%b7%e1%9e%93%e1%9e%81%e1%9f%92%e1%9e%9b%e1%9e%b6%e1%9e%85%e1%9e%91%e1%9f%81/,,https://obione.io/wp-admin/admin.php?page=h5p&task=show&id=2894,2894
1535,"តើអ្នកមានអារម្មណ៍យ៉ាងម៉េចដែរ?",https://obione.io/wp-content/uploads/2020/10/2354-7c82e3c3967af7cd0fc0bc6c6c18d468-08c5675f2a663c0d17494b142083a9ee-150x150.jpg,"សៀវភៅនេះ​រៀបរាប់​ពីអារម្មណ៍ផ្សេងៗ​​ដែល​កុមារ​តូច​ៗមាន​​ក្នុង​សកម្មភាព​ប្រចាំ​ថ្ងៃ​របស់​ពួកគេ",km,1,The Asia Foundation,gdl,CC-BY-4.0,https://digitallibrary.io/km/books/details/1535,Book,https://digitallibrary.io/km/books/embed/1535,https://obione.io/km/book/%e1%9e%8f%e1%9e%be%e1%9e%a2%e1%9f%92%e1%9e%93%e1%9e%80%e1%9e%98%e1%9e%b6%e1%9e%93%e1%9e%a2%e1%9e%b6%e1%9e%9a%e1%9e%98%e1%9f%92%e1%9e%98%e1%9e%8e%e1%9f%8d%e1%9e%99%e1%9f%89%e1%9e%b6%e1%9e%84%e1%9e%98/,,https://obione.io/wp-admin/admin.php?page=h5p&task=show&id=2893,2893
1534,"មេក្រូយក្ស",https://obione.io/wp-content/uploads/2020/10/2352-7c82e3c3967af7cd0fc0bc6c6c18d468-b1bffcf242fe8e2160636f9a3788ba01-150x150.jpg,"ជារៀងរាល់យប់ បក្សីយក្សតែងតែចេញមកចាប់សត្វល្អិតជាអាហារ។ សត្វល្អិតទាំងអស់នោះភ័យខ្លាចខ្លាំងណាស់។ សត្វចង្រិតញីឆ្លាតវៃមួយ​ មានគំនិតដ៏ល្អ ប៉ុន្តែនាងត្រូវបញ្ចុះបញ្ចូលសត្វល្អិតទាំងអស់ឲ្យសហការគ្នាដើម្បីបណ្តេញបក្សីយក្ស។",km,3,The Asia Foundation,gdl,CC-BY-NC-4.0,https://digitallibrary.io/km/books/details/1534,Book,https://digitallibrary.io/km/books/embed/1534,https://obione.io/km/book/%e1%9e%98%e1%9f%81%e1%9e%80%e1%9f%92%e1%9e%9a%e1%9e%bc%e1%9e%99%e1%9e%80%e1%9f%92%e1%9e%9f/,,https://obione.io/wp-admin/admin.php?page=h5p&task=show&id=2892,2892
1533,"ស្តេចធាត់ និងសុនខស្គម",https://obione.io/wp-content/uploads/2020/10/2350-7c82e3c3967af7cd0fc0bc6c6c18d468-55eb2ca91c4dfd41ad0745210cd0e3fb-150x150.jpg,"តោះ! រត់ជាមួយស្តេចធាត់ ដើម្បីដេញចាប់សុនខស្គមមកវិញ!",km,1,The Asia Foundation,gdl,CC-BY-4.0,https://digitallibrary.io/km/books/details/1533,Book,https://digitallibrary.io/km/books/embed/1533,https://obione.io/km/book/%e1%9e%9f%e1%9f%92%e1%9e%8f%e1%9f%81%e1%9e%85%e1%9e%92%e1%9e%b6%e1%9e%8f%e1%9f%8b-%e1%9e%93%e1%9e%b7%e1%9e%84%e1%9e%9f%e1%9e%bb%e1%9e%93%e1%9e%81%e1%9e%9f%e1%9f%92%e1%9e%82%e1%9e%98/,,https://obione.io/wp-admin/admin.php?page=h5p&task=show&id=2891,2891
1532,"បងឆ្មា និង​បងឆ្កែ៖ បាត់បងឆ្មាទៅណាហើយ",https://obione.io/wp-content/uploads/2020/10/2348-7c82e3c3967af7cd0fc0bc6c6c18d468-9895816ecaf818c154d56803f1444048-150x150.jpg,"បងឆ្កែរកបងឆ្មាអស់ហើយនៅតែមិនឃើញ។ ប៉ុន្តែចាំមើល តើមានអ្វីនៅលើដើមឈើ?",km,1,The Asia Foundation,gdl,CC-BY-4.0,https://digitallibrary.io/km/books/details/1532,Book,https://digitallibrary.io/km/books/embed/1532,https://obione.io/km/book/%e1%9e%94%e1%9e%84%e1%9e%86%e1%9f%92%e1%9e%98%e1%9e%b6-%e1%9e%93%e1%9e%b7%e1%9e%84%e2%80%8b%e1%9e%94%e1%9e%84%e1%9e%86%e1%9f%92%e1%9e%80%e1%9f%82%e1%9f%96-%e1%9e%94%e1%9e%b6%e1%9e%8f%e1%9f%8b%e1%9e%94/,,https://obione.io/wp-admin/admin.php?page=h5p&task=show&id=2890,2890
1531,"បងឆ្មា បងឆ្កែ និងរូបគំនូរ",https://obione.io/wp-content/uploads/2020/10/2346-7c82e3c3967af7cd0fc0bc6c6c18d468-0dce7be28be91496ca5b2dbdafd4cfe8-150x150.jpg,"នេះគឺជាម៉ោងសិល្បៈសម្រាប់បងឆ្មានិងបងឆ្កែ! តើពួកគេនឹងគូរអ្វី? តើអ្នកនឹងរៀនគូររូបអ្វី?",km,1,The Asia Foundation,gdl,CC-BY-4.0,https://digitallibrary.io/km/books/details/1531,Book,https://digitallibrary.io/km/books/embed/1531,https://obione.io/km/book/%e1%9e%94%e1%9e%84%e1%9e%86%e1%9f%92%e1%9e%98%e1%9e%b6-%e1%9e%94%e1%9e%84%e1%9e%86%e1%9f%92%e1%9e%80%e1%9f%82-%e1%9e%93%e1%9e%b7%e1%9e%84%e1%9e%9a%e1%9e%bc%e1%9e%94%e1%9e%82%e1%9f%86%e1%9e%93%e1%9e%bc/,,https://obione.io/wp-admin/admin.php?page=h5p&task=show&id=2889,2889
1530,"បងឆ្មានិងបងឆ្កែ ៖ បងឆ្មាមានពណ៌លឿង",https://obione.io/wp-content/uploads/2020/10/2344-7c82e3c3967af7cd0fc0bc6c6c18d468-6f2347eb7c3635edbefb37ee289c11dd-150x150.jpg,"នរណាជាឆ្មាពណ៌លឿងនៅមាត់ទ្វារផ្ទះបងឆ្កែ? គឺបងឆ្មា ប៉ុន្តែហេតុអ្វីបានជាបងឆ្មាមានពណ៌លឿង? ប្រហែលបងដំរីដឹង។",km,1,The Asia Foundation,gdl,CC-BY-4.0,https://digitallibrary.io/km/books/details/1530,Book,https://digitallibrary.io/km/books/embed/1530,https://obione.io/km/book/%e1%9e%94%e1%9e%84%e1%9e%86%e1%9f%92%e1%9e%98%e1%9e%b6%e1%9e%93%e1%9e%b7%e1%9e%84%e1%9e%94%e1%9e%84%e1%9e%86%e1%9f%92%e1%9e%80%e1%9f%82-%e1%9f%96-%e1%9e%94%e1%9e%84%e1%9e%86%e1%9f%92%e1%9e%98%e1%9e%b6/,,https://obione.io/wp-admin/admin.php?page=h5p&task=show&id=2888,2888
1529,"បាល់ចម្រុះពណ៌របស់សុភី",https://obione.io/wp-content/uploads/2020/10/2342-7c82e3c3967af7cd0fc0bc6c6c18d468-e8457c3a33ab9d52f9c33876ec632302-150x150.jpg,"សុភីបានបាត់បាល់ចម្រុះពណ៌របស់នាង។ តើសត្វផ្សេងៗអាចជួយសុភីរកបាល់ឃើញទេ?",km,1,The Asia Foundation,gdl,CC-BY-NC-4.0,https://digitallibrary.io/km/books/details/1529,Book,https://digitallibrary.io/km/books/embed/1529,https://obione.io/km/book/%e1%9e%94%e1%9e%b6%e1%9e%9b%e1%9f%8b%e1%9e%85%e1%9e%98%e1%9f%92%e1%9e%9a%e1%9e%bb%e1%9f%87%e1%9e%96%e1%9e%8e%e1%9f%8c%e1%9e%9a%e1%9e%94%e1%9e%9f%e1%9f%8b%e1%9e%9f%e1%9e%bb%e1%9e%97%e1%9e%b8/,,https://obione.io/wp-admin/admin.php?page=h5p&task=show&id=2887,2887
1528,"តើនៅក្នុងឆ្នាំងជាអ្វីទៅ?",https://obione.io/wp-content/uploads/2020/10/2340-7c82e3c3967af7cd0fc0bc6c6c18d468-2acc070808de86d077b92f0613a2dbe7-150x150.jpg,"សេមអន្ទះសារឿងអាហារពេលល្ងាច។ តើនៅក្នុងឆ្នាំងជាអ្វីទៅ? ចាំសិននឹងឃើញហើយ!",km,2,The Asia Foundation,gdl,CC-BY-4.0,https://digitallibrary.io/km/books/details/1528,Book,https://digitallibrary.io/km/books/embed/1528,https://obione.io/km/book/%e1%9e%8f%e1%9e%be%e1%9e%93%e1%9f%85%e1%9e%80%e1%9f%92%e1%9e%93%e1%9e%bb%e1%9e%84%e1%9e%86%e1%9f%92%e1%9e%93%e1%9e%b6%e1%9f%86%e1%9e%84%e1%9e%87%e1%9e%b6%e1%9e%a2%e1%9f%92%e1%9e%9c%e1%9e%b8%e1%9e%91/,,https://obione.io/wp-admin/admin.php?page=h5p&task=show&id=2886,2886
1527,"ដើមឈើ",https://obione.io/wp-content/uploads/2020/10/2338-7c82e3c3967af7cd0fc0bc6c6c18d468-99c970e305cfa63edf2bf391fc2a6a2a-150x150.jpg,"រឿងនិទានអំពីការលូតលាស់របស់ដើមឈើមួយដើម ដែលចាប់ផ្ដើមពីគ្រាប់តូចមួយ។",km,3,The Asia Foundation,gdl,CC-BY-4.0,https://digitallibrary.io/km/books/details/1527,Book,https://digitallibrary.io/km/books/embed/1527,https://obione.io/km/book/%e1%9e%8a%e1%9e%be%e1%9e%98%e1%9e%88%e1%9e%be/,,https://obione.io/wp-admin/admin.php?page=h5p&task=show&id=2885,2885
1526,"ការសម្តែងសៀក",https://obione.io/wp-content/uploads/2020/10/2336-7c82e3c3967af7cd0fc0bc6c6c18d468-cf6c55923f3f83d2bb792fbeada2e99c-150x150.jpg,"សុករំភើបជាខ្លាំងបានទៅមើលការសម្តែងសៀកជាមួយឪពុករបស់គាត់។ តើឈុតសម្តែងមួយណាដែលសុខចូលចិត្តជាងគេ?",km,1,The Asia Foundation,gdl,CC-BY-NC-4.0,https://digitallibrary.io/km/books/details/1526,Book,https://digitallibrary.io/km/books/embed/1526,https://obione.io/km/book/%e1%9e%80%e1%9e%b6%e1%9e%9a%e1%9e%9f%e1%9e%98%e1%9f%92%e1%9e%8f%e1%9f%82%e1%9e%84%e1%9e%9f%e1%9f%80%e1%9e%80/,,https://obione.io/wp-admin/admin.php?page=h5p&task=show&id=2884,2884
1525,"សម្លាញ់ទាំងបួន",https://obione.io/wp-content/uploads/2020/10/2334-7c82e3c3967af7cd0fc0bc6c6c18d468-d906c668e22bff16cafe892cd280221f-150x150.jpg,"សម្លាញ់ទាំងបួនមាន៖ ក្តាន់ អណ្តើក ក្អែក និងកណ្តុរព្រួយបារម្ភពីអន្ទាក់របស់ព្រានព្រៃ។ តើពួកគេធ្វើដូចម្តេចទើបអាចឈ្នះព្រានព្រៃ និងការពារគ្នាទៅវិញទៅមកបាន?",km,3,The Asia Foundation,gdl,CC-BY-NC-SA-4.0,https://digitallibrary.io/km/books/details/1525,Book,https://digitallibrary.io/km/books/embed/1525,https://obione.io/km/book/%e1%9e%9f%e1%9e%98%e1%9f%92%e1%9e%9b%e1%9e%b6%e1%9e%89%e1%9f%8b%e1%9e%91%e1%9e%b6%e1%9f%86%e1%9e%84%e1%9e%94%e1%9e%bd%e1%9e%93/,,https://obione.io/wp-admin/admin.php?page=h5p&task=show&id=2883,2883
1524,"ប្រវត្តិអណ្តូងទឹក",https://obione.io/wp-content/uploads/2020/10/2332-7c82e3c3967af7cd0fc0bc6c6c18d468-a127bd3e6f8e12c413e62a84c3c8d522-150x150.jpg,"មេទ័ពមួយរូបដើរស្វែងរកទឹកដើម្បីសង្គ្រោះនគរបស់ខ្លួនពីគ្រោះរាំងស្ងួត។ មេទ័ពយកវត្ថុមួយដែលគ្រប់គ្នាគិតថាជា "គ្រាប់ពូជទឹក" ត្រឡប់ទៅនគរ។ តើ​ "គ្រាប់ពូជទឹក" នឹងបណ្តុះទឹកដែរឬទេ?",km,3,The Asia Foundation,gdl,CC-BY-NC-SA-4.0,https://digitallibrary.io/km/books/details/1524,Book,https://digitallibrary.io/km/books/embed/1524,https://obione.io/km/book/%e1%9e%94%e1%9f%92%e1%9e%9a%e1%9e%9c%e1%9e%8f%e1%9f%92%e1%9e%8f%e1%9e%b7%e1%9e%a2%e1%9e%8e%e1%9f%92%e1%9e%8f%e1%9e%bc%e1%9e%84%e1%9e%91%e1%9e%b9%e1%9e%80/,,https://obione.io/wp-admin/admin.php?page=h5p&task=show&id=2882,2882
1523,"ពីឈី ជាប់ក្នុងព្យុះ",https://obione.io/wp-content/uploads/2020/10/2330-7c82e3c3967af7cd0fc0bc6c6c18d468-6dd7a8bace3ba68d932366244a66f7b0-150x150.jpg,"ពីឈី គឺជាត្រីបបែលម៉ាន់តា។ នៅពេលពីឈីត្រូវជាប់ក្នុងព្យុះធំមួយនៅក្នុងមហាសមុទ្រឥណ្ឌា ប្អូនៗសាកទាយទៅមើលថាតើនរណាជាអ្នកមកជួយគេ?",km,3,The Asia Foundation,gdl,CC-BY-4.0,https://digitallibrary.io/km/books/details/1523,Book,https://digitallibrary.io/km/books/embed/1523,https://obione.io/km/book/%e1%9e%96%e1%9e%b8%e1%9e%88%e1%9e%b8-%e1%9e%87%e1%9e%b6%e1%9e%94%e1%9f%8b%e1%9e%80%e1%9f%92%e1%9e%93%e1%9e%bb%e1%9e%84%e1%9e%96%e1%9f%92%e1%9e%99%e1%9e%bb%e1%9f%87/,,https://obione.io/wp-admin/admin.php?page=h5p&task=show&id=2881,2881
1522,"បាត់ ហើយរកឃើញ",https://obione.io/wp-content/uploads/2020/10/2328-7c82e3c3967af7cd0fc0bc6c6c18d468-89111dd931a70d73318a2928c0ac4244-150x150.jpg,"ក្មេងប្រុសម្នាក់រកអ្វីម៉្យាងដែលគេបានបាត់ ហើយសាកទាយលមើលថា នឹងមានអ្វីកើតឡើងនៅពេលដែលគេរករបស់នោះឃើញ? អានរឿងទៅ នឹងដឹងហើយ!",km,2,The Asia Foundation,gdl,CC-BY-4.0,https://digitallibrary.io/km/books/details/1522,Book,https://digitallibrary.io/km/books/embed/1522,https://obione.io/km/book/%e1%9e%94%e1%9e%b6%e1%9e%8f%e1%9f%8b-%e1%9e%a0%e1%9e%be%e1%9e%99%e1%9e%9a%e1%9e%80%e1%9e%83%e1%9e%be%e1%9e%89/,,https://obione.io/wp-admin/admin.php?page=h5p&task=show&id=2880,2880
1521,"ការស្វែងរកទឹក",https://obione.io/wp-content/uploads/2020/10/2326-7c82e3c3967af7cd0fc0bc6c6c18d468-296dd9ea18ef5311fcec94b7c2063fca-150x150.jpg,"រឿងសាមញ្ញដែលនិយាយអំពីកង្កែបមួយស្វែងរកទឹក។",km,2,The Asia Foundation,gdl,CC-BY-3.0,https://digitallibrary.io/km/books/details/1521,Book,https://digitallibrary.io/km/books/embed/1521,https://obione.io/km/book/%e1%9e%80%e1%9e%b6%e1%9e%9a%e1%9e%9f%e1%9f%92%e1%9e%9c%e1%9f%82%e1%9e%84%e1%9e%9a%e1%9e%80%e1%9e%91%e1%9e%b9%e1%9e%80/,,https://obione.io/wp-admin/admin.php?page=h5p&task=show&id=2879,2879
1520,"ហោះភ្លាមទៅខ្លែង",https://obione.io/wp-content/uploads/2020/10/2324-7c82e3c3967af7cd0fc0bc6c6c18d468-5d6f076e84ac633bdd351505a3411378-150x150.jpg,"ជីវ៉ាន់ចូលចិត្តលេងបង្ហោះខ្មែង ប៉ុន្តែគេមិនបានដឹងថាខ្លែងហោះដោយសារអ្វីនោះទេ។ តែរ៉ាមីឡាដែលជាបងស្រីរបស់គេដឹង....",km,1,The Asia Foundation,gdl,CC-BY-NC-4.0,https://digitallibrary.io/km/books/details/1520,Book,https://digitallibrary.io/km/books/embed/1520,https://obione.io/km/book/%e1%9e%a0%e1%9f%84%e1%9f%87%e1%9e%97%e1%9f%92%e1%9e%9b%e1%9e%b6%e1%9e%98%e1%9e%91%e1%9f%85%e1%9e%81%e1%9f%92%e1%9e%9b%e1%9f%82%e1%9e%84/,,https://obione.io/wp-admin/admin.php?page=h5p&task=show&id=2878,2878
1519,"សួនបណ្តែតទឹក",https://obione.io/wp-content/uploads/2020/10/2322-7c82e3c3967af7cd0fc0bc6c6c18d468-f710d0ec4fb95fd3c1c970e1dfafbabe-150x150.jpg,"គង្គា រស់នៅជាមួយឪពុក និង បងប្រុសរបស់នាង លើភូមិអណ្តែតទឹក។ នាងចង់ចេញទៅចាប់ត្រីខ្លាំងណាស់ ប៉ុន្តែឪពុក និង បងប្រុសរបស់នាង​ បានប្រាប់ឲ្យនាងនៅផ្ទះមើលថែសួនដំណាំដែលអណ្ដែតនៅលើទឹក។ ថ្ងៃមួយ​​ សួនរបស់គង្គាបានអណ្តែតចេញទៅឆ្ងាយពីផ្ទះរបស់នាង។ គង្គា បានសម្រេចចិត្តអុំទូកចេញពីផ្ទះជាលើកដំបូង ដើម្បីតាមយកសួនដំណាំរបស់នាងមកវិញ។",km,3,The Asia Foundation,gdl,CC-BY-NC-4.0,https://digitallibrary.io/km/books/details/1519,Book,https://digitallibrary.io/km/books/embed/1519,https://obione.io/km/book/%e1%9e%9f%e1%9e%bd%e1%9e%93%e1%9e%94%e1%9e%8e%e1%9f%92%e1%9e%8f%e1%9f%82%e1%9e%8f%e1%9e%91%e1%9e%b9%e1%9e%80/,,https://obione.io/wp-admin/admin.php?page=h5p&task=show&id=2877,2877
1517,"ធ្វើ និងមិនធ្វើ",https://obione.io/wp-content/uploads/2020/10/2318-7c82e3c3967af7cd0fc0bc6c6c18d468-2c20ac2147ec96116d4249c1c91d67f2-150x150.jpg,"តើអ្នកគិតថា ក្មេងប្រុសនេះចូលចិត្តទៅរៀនទេ? បើអ្នកចង់ដឹង គឺគ្រាន់តែបើកទំព័ររឿងនេះទៅ។",km,2,The Asia Foundation,gdl,CC-BY-4.0,https://digitallibrary.io/km/books/details/1517,Book,https://digitallibrary.io/km/books/embed/1517,https://obione.io/km/book/%e1%9e%92%e1%9f%92%e1%9e%9c%e1%9e%be-%e1%9e%93%e1%9e%b7%e1%9e%84%e1%9e%98%e1%9e%b7%e1%9e%93%e1%9e%92%e1%9f%92%e1%9e%9c%e1%9e%be/,,https://obione.io/wp-admin/admin.php?page=h5p&task=show&id=2875,2875
1518,"ពិធីបុណ្យ",https://obione.io/wp-content/uploads/2020/10/2320-7c82e3c3967af7cd0fc0bc6c6c18d468-b1b890fba83338c90a2b194fafda84e6-150x150.jpg,"រីករាយនឹងទិដ្ឋភាព សំឡេង ក្លិន និងអារម្មណ៍នៃពិធីបុណ្យតាំងអាវកាក់។",km,1,The Asia Foundation,gdl,CC-BY-NC-4.0,https://digitallibrary.io/km/books/details/1518,Book,https://digitallibrary.io/km/books/embed/1518,https://obione.io/km/book/%e1%9e%96%e1%9e%b7%e1%9e%92%e1%9e%b8%e1%9e%94%e1%9e%bb%e1%9e%8e%e1%9f%92%e1%9e%99/,,https://obione.io/wp-admin/admin.php?page=h5p&task=show&id=2876,2876
1516,"បងឆ្កែ បងឆ្មា និងស៊ុត",https://obione.io/wp-content/uploads/2020/10/2316-7c82e3c3967af7cd0fc0bc6c6c18d468-2d6011727af4f7283b05ec7025b394c1-150x150.jpg,"បងឆ្កែ និងបងឆ្មា បានឃើញស៊ុតមួយដ៏ចម្លែក។ តើអាចជាស៊ុតរបស់នរណា? បងឆ្កែ និងបងឆ្មា ក៏ធ្វើដំណើរស្វែងរកសាកសួរដើម្បីឱ្យដឹងច្បាស់។",km,1,The Asia Foundation,gdl,CC-BY-4.0,https://digitallibrary.io/km/books/details/1516,Book,https://digitallibrary.io/km/books/embed/1516,https://obione.io/km/book/%e1%9e%94%e1%9e%84%e1%9e%86%e1%9f%92%e1%9e%80%e1%9f%82-%e1%9e%94%e1%9e%84%e1%9e%86%e1%9f%92%e1%9e%98%e1%9e%b6-%e1%9e%93%e1%9e%b7%e1%9e%84%e1%9e%9f%e1%9f%8a%e1%9e%bb%e1%9e%8f/,,https://obione.io/wp-admin/admin.php?page=h5p&task=show&id=2874,2874
1514,"ឃ្មុំភ្នែកធំ",https://obione.io/wp-content/uploads/2020/10/2312-7c82e3c3967af7cd0fc0bc6c6c18d468-a3205e52083ff9ae6a588493b95258ec-150x150.jpg,"សុភី ជាឃ្មុំដ៏ឆ្លាតវៃ។ នាងហើរបានយ៉ាងលឿន ព្រមទាំងអាចក្រេបយកទឹកដមផ្កាបានរហ័សជាងគេ​ ប៉ុន្តែនាងមិនត្រូវគ្នាជាមួយឃ្មុំដទៃទេ។ ថ្ងៃមួយ សុភីបានហើរចេញពីក្រុមរបស់ខ្លួន ដើម្បីស្វែងរកផ្កាពណ៌ស្វាយដ៏អាថ៌កំបាំងមួយនៅលើចុងឈើ ហើយក៏ជួបនឹងគ្រោះថ្នាក់។ នាងយល់ពីតម្លៃនៃមិត្តភាព នៅពេលដែលសត្វអំពិលអំពែកព្រមទាំងហ្វូងឃ្មុំ ហោះមកជួយនាង។",km,3,The Asia Foundation,gdl,CC-BY-4.0,https://digitallibrary.io/km/books/details/1514,Book,https://digitallibrary.io/km/books/embed/1514,https://obione.io/km/book/%e1%9e%83%e1%9f%92%e1%9e%98%e1%9e%bb%e1%9f%86%e1%9e%97%e1%9f%92%e1%9e%93%e1%9f%82%e1%9e%80%e1%9e%92%e1%9f%86/,,https://obione.io/wp-admin/admin.php?page=h5p&task=show&id=2872,2872
1515,"ស្រមោចមហារវល់",https://obione.io/wp-content/uploads/2020/10/2314-7c82e3c3967af7cd0fc0bc6c6c18d468-107fffe0fe8ecd71852f04df7c9c2b32-150x150.jpg,"សូមតាមមើលស្រមោចក្នុងរឿងនេះ។ ពួកវាប្រាដកជានាំអ្នកអានវ័យក្មេងយើងរវល់ជាមួយពួកវាដែរ។",km,2,The Asia Foundation,gdl,CC-BY-4.0,https://digitallibrary.io/km/books/details/1515,Book,https://digitallibrary.io/km/books/embed/1515,https://obione.io/km/book/%e1%9e%9f%e1%9f%92%e1%9e%9a%e1%9e%98%e1%9f%84%e1%9e%85%e1%9e%98%e1%9e%a0%e1%9e%b6%e1%9e%9a%e1%9e%9c%e1%9e%9b%e1%9f%8b/,,https://obione.io/wp-admin/admin.php?page=h5p&task=show&id=2873,2873
1513,"អាណាន់ស៊ី និងត្មាត",https://obione.io/wp-content/uploads/2020/10/2310-7c82e3c3967af7cd0fc0bc6c6c18d468-4e11400dfb9e6bb6c32eb5158b518ecf-150x150.jpg,"អាណាន់ស៊ីក្រ តែទន្សាយដែលជាមិត្តរបស់គេជាម្ចាស់ចម្ការដ៏ធំមួយ។ អាណាន់ស៊ីច្រណែន ហើយក៏រកមធ្យោបាយ យកចម្ការនោះបាន។ វាលក់ផ្លែឈើ និងបន្លែរបស់ទន្សាយបានលុយយ៉ាងច្រើន។ តែថ្ងៃមួយ នៅតាមផ្លូវពីផ្សារមកផ្ទះវិញ មានរឿងមួយកើតឡើងដែលបានផ្លាស់ប្ដូរវាសនារបស់អាណាន់ស៊ី។",km,3,The Asia Foundation,gdl,CC-BY-4.0,https://digitallibrary.io/km/books/details/1513,Book,https://digitallibrary.io/km/books/embed/1513,https://obione.io/km/book/%e1%9e%a2%e1%9e%b6%e1%9e%8e%e1%9e%b6%e1%9e%93%e1%9f%8b%e1%9e%9f%e1%9f%8a%e1%9e%b8-%e1%9e%93%e1%9e%b7%e1%9e%84%e1%9e%8f%e1%9f%92%e1%9e%98%e1%9e%b6%e1%9e%8f/,,https://obione.io/wp-admin/admin.php?page=h5p&task=show&id=2871,2871
1511,"ហេតុអ្វីដំរីទឹកគ្មានរោម",https://obione.io/wp-content/uploads/2020/10/2306-7c82e3c3967af7cd0fc0bc6c6c18d468-3098df99c7a6b278fd2000eac07cbef8-150x150.jpg,"ក្នុងរឿងនិទានដែលទាក់ទងនឹងព្រៃឧទ្យានជាតិNyungwe បានឱ្យយើងឃើញពីការបដិសេធរបស់ទន្សាយដោយមិនព្រមអនុគ្រោះឱ្យដំរីទឹកដែលបានជាន់ជើងគេទេ",km,2,The Asia Foundation,gdl,CC-BY-3.0,https://digitallibrary.io/km/books/details/1511,Book,https://digitallibrary.io/km/books/embed/1511,https://obione.io/km/book/%e1%9e%a0%e1%9f%81%e1%9e%8f%e1%9e%bb%e1%9e%a2%e1%9f%92%e1%9e%9c%e1%9e%b8%e1%9e%8a%e1%9f%86%e1%9e%9a%e1%9e%b8%e1%9e%91%e1%9e%b9%e1%9e%80%e1%9e%82%e1%9f%92%e1%9e%98%e1%9e%b6%e1%9e%93%e1%9e%9a%e1%9f%84/,,https://obione.io/wp-admin/admin.php?page=h5p&task=show&id=2869,2869
1512,"បេសកកម្មស្វែងរកពន្លឺ",https://obione.io/wp-content/uploads/2020/10/2308-7c82e3c3967af7cd0fc0bc6c6c18d468-bcda82c555661872242676de99e9664d-150x150.jpg,"នៅភូមិរបស់ស្រីពៅ ព្រះអាទិត្យឈប់រះហើយ។ នាងចង់ធ្វើដំណើរទៅជួបព្រះអាទិត្យ ដើម្បីរកដំណោះស្រាយ។ ទោះជាពុំមានការគាំទ្រពីមេភូមិ ស្រីពៅបានខិតខំឆ្នៃម៉ាស៊ីនដើម្បីហោះទៅជួបព្រះអាទិត្យ និង ស្វែងរកពន្លឺមកជូនអ្នកភូមិនាងវិញ។",km,3,The Asia Foundation,gdl,CC-BY-NC-4.0,https://digitallibrary.io/km/books/details/1512,Book,https://digitallibrary.io/km/books/embed/1512,https://obione.io/km/book/%e1%9e%94%e1%9f%81%e1%9e%9f%e1%9e%80%e1%9e%80%e1%9e%98%e1%9f%92%e1%9e%98%e1%9e%9f%e1%9f%92%e1%9e%9c%e1%9f%82%e1%9e%84%e1%9e%9a%e1%9e%80%e1%9e%96%e1%9e%93%e1%9f%92%e1%9e%9b%e1%9e%ba/,,https://obione.io/wp-admin/admin.php?page=h5p&task=show&id=2870,2870
1510,"ច្របូកច្របល់",https://obione.io/wp-content/uploads/2020/10/2304-7c82e3c3967af7cd0fc0bc6c6c18d468-072f7413cbefb19d560636155c3cc2e6-150x150.jpg,"របស់របរទាំងអស់នៅក្នុងបន្ទប់ក្មេងប្រុសម្នាក់បានក្លាយទៅជាច្របូកច្របល់។ តើមានរឿងអ្វីកើតឡើងទៅន៎ុះ?",km,2,The Asia Foundation,gdl,CC-BY-4.0,https://digitallibrary.io/km/books/details/1510,Book,https://digitallibrary.io/km/books/embed/1510,https://obione.io/km/book/%e1%9e%85%e1%9f%92%e1%9e%9a%e1%9e%94%e1%9e%bc%e1%9e%80%e1%9e%85%e1%9f%92%e1%9e%9a%e1%9e%94%e1%9e%9b%e1%9f%8b/,,https://obione.io/wp-admin/admin.php?page=h5p&task=show&id=2868,2868
1508,"កាកកាក ក្អែកចិត្តល្អ",https://obione.io/wp-content/uploads/2020/10/2300-7c82e3c3967af7cd0fc0bc6c6c18d468-7146983a68c12ae584abbc9c2f64f93a-150x150.jpg,"សត្វក្អែកមិនស្អាតទេ វាច្រៀងមិនពិរោះដូចតាវៅ ហើយក៏រាំមិនស្អាតដូចក្ងោកដែរ។ ប៉ុន្តែវាមានលក្ខណសម្បត្តិពិសេសមួយដែលយើងអាចរៀនពីវា។ ប្អូនអាចអានសៀវភៅនេះដើម្បីដឹងថាលក្ខណសម្បត្តិពិសេសនោះជាអ្វី។",km,3,The Asia Foundation,gdl,CC-BY-4.0,https://digitallibrary.io/km/books/details/1508,Book,https://digitallibrary.io/km/books/embed/1508,https://obione.io/km/book/%e1%9e%80%e1%9e%b6%e1%9e%80%e1%9e%80%e1%9e%b6%e1%9e%80-%e1%9e%80%e1%9f%92%e1%9e%a2%e1%9f%82%e1%9e%80%e1%9e%85%e1%9e%b7%e1%9e%8f%e1%9f%92%e1%9e%8f%e1%9e%9b%e1%9f%92%e1%9e%a2/,,https://obione.io/wp-admin/admin.php?page=h5p&task=show&id=2866,2866
1509,"ព្រះពាយ និងព្រះអាទិត្យ",https://obione.io/wp-content/uploads/2020/10/2302-7c82e3c3967af7cd0fc0bc6c6c18d468-7f30736df01b4cbb714d9ccc697a7482-150x150.jpg,"តើអ្នកណាខ្លាំងជាងគេ៖ ព្រះអាទិត្យ ឬ ព្រះពាយ?",km,3,The Asia Foundation,gdl,CC-BY-NC-SA-4.0,https://digitallibrary.io/km/books/details/1509,Book,https://digitallibrary.io/km/books/embed/1509,https://obione.io/km/book/%e1%9e%96%e1%9f%92%e1%9e%9a%e1%9f%87%e1%9e%96%e1%9e%b6%e1%9e%99-%e1%9e%93%e1%9e%b7%e1%9e%84%e1%9e%96%e1%9f%92%e1%9e%9a%e1%9f%87%e1%9e%a2%e1%9e%b6%e1%9e%91%e1%9e%b7%e1%9e%8f%e1%9f%92%e1%9e%99/,,https://obione.io/wp-admin/admin.php?page=h5p&task=show&id=2867,2867
1506,"ច្រៀងហៅភ្លៀង",https://obione.io/wp-content/uploads/2020/10/2296-7c82e3c3967af7cd0fc0bc6c6c18d468-49a5bb3a86dc22b0c5609017eab9700c-150x150.jpg,"កាកាជាអ្នកចម្រៀង។ ឌីណូជាអ្នកគាំទ្រធំបំផុត។",km,2,The Asia Foundation,gdl,CC-BY-4.0,https://digitallibrary.io/km/books/details/1506,Book,https://digitallibrary.io/km/books/embed/1506,https://obione.io/km/book/%e1%9e%85%e1%9f%92%e1%9e%9a%e1%9f%80%e1%9e%84%e1%9e%a0%e1%9f%85%e1%9e%97%e1%9f%92%e1%9e%9b%e1%9f%80%e1%9e%84/,,https://obione.io/wp-admin/admin.php?page=h5p&task=show&id=2864,2864
1507,"ដំណើរកម្សាន្តដ៏អស្ចារ្យ",https://obione.io/wp-content/uploads/2020/10/2298-7c82e3c3967af7cd0fc0bc6c6c18d468-0a6482ddfbd52407b753164a74e6a261-150x150.jpg,"ទីតូ និង រីកា ឈ្លោះគ្នាដណ្ដើមទូរស័ព្ទ។ នៅពេលដែលពួកគេចុចប៊ូតុងដោយអចេតនា យានអវកាសមួយបានបង្ហាញខ្លួន។ អេលាន បានលេចចេញមកក្រៅ ហើយហៅពួកគេអោយឡើងលើយានអវកាសនោះ។ ពួកគេបានធ្វើដំណើរដ៏អស្ចារ្យមួយ នៅក្នុងយានអវកាសជាមួយនឹងកូនឆ្កែ ព្រមទាំងអំពិលអំពែក។ ប៉ុន្តែនៅពេលដែល ពួកគេភ្ញាក់ឡើង គេចាប់ផ្ដើមឆ្ងល់ថា តើអ្វីទាំងអស់នោះគ្រាន់តែជាការយល់សប្តិឬ?",km,3,The Asia Foundation,gdl,CC-BY-4.0,https://digitallibrary.io/km/books/details/1507,Book,https://digitallibrary.io/km/books/embed/1507,https://obione.io/km/book/%e1%9e%8a%e1%9f%86%e1%9e%8e%e1%9e%be%e1%9e%9a%e1%9e%80%e1%9e%98%e1%9f%92%e1%9e%9f%e1%9e%b6%e1%9e%93%e1%9f%92%e1%9e%8f%e1%9e%8a%e1%9f%8f%e1%9e%a2%e1%9e%9f%e1%9f%92%e1%9e%85%e1%9e%b6%e1%9e%9a%e1%9f%92/,,https://obione.io/wp-admin/admin.php?page=h5p&task=show&id=2865,2865
1505,"សត្យា ប្រយ័ត្ន!",https://obione.io/wp-content/uploads/2020/10/2294-7c82e3c3967af7cd0fc0bc6c6c18d468-2d41b86292da63d7a42d366a144f6f00-150x150.jpg,"តោះ! លោត លូន វារ និងឡើងតាមសត្យា នៅពេលដែលសត្យាទៅចម្ការជាមួយម្តាយ។ នេះគឺជារឿងមួយនិយាយអំពីការផ្លាស់ទីរបស់យើងបានច្រើនរបៀបផ្សេងៗគ្នា និងគួរឱ្យអស្ចារ្យ។",km,3,The Asia Foundation,gdl,CC-BY-4.0,https://digitallibrary.io/km/books/details/1505,Book,https://digitallibrary.io/km/books/embed/1505,https://obione.io/km/book/%e1%9e%9f%e1%9e%8f%e1%9f%92%e1%9e%99%e1%9e%b6-%e1%9e%94%e1%9f%92%e1%9e%9a%e1%9e%99%e1%9f%90%e1%9e%8f%e1%9f%92%e1%9e%93/,,https://obione.io/wp-admin/admin.php?page=h5p&task=show&id=2863,2863
1503,"ប្រាជ្ញ និង សាថេ",https://obione.io/wp-content/uploads/2020/10/2290-7c82e3c3967af7cd0fc0bc6c6c18d468-383b35ac5e456b8f26d38e57a5d27288-150x150.jpg,"ប្រាជ្ញ ជាសិស្សថ្នាក់ទី៤។ គេត្រូវបានសាថេ សិស្សថ្នាក់ទី៦ ធ្វើបាប។ ប្រាជ្ញចង់សុំជំនួយណាស់ ប៉ុន្តែគេខ្លាចសាថេកាន់តែធ្វើបាបគេថែមទៀត។ ថ្ងៃមួយ វេទីដែលជាមិត្តភក្ដិជិតស្និទ្ធរបស់ប្រាជ្ញបានដឹងពីរឿងនេះ ហើយបានប្រាប់អ្នកគ្រូ។ ក្មេងប្រុសទាំង២នេះ បានរៀនសូត្រពីការដោះស្រាយជម្លោះ ព្រមទាំងមេរៀនល្អជាច្រើនទៀត។",km,3,The Asia Foundation,gdl,CC-BY-4.0,https://digitallibrary.io/km/books/details/1503,Book,https://digitallibrary.io/km/books/embed/1503,https://obione.io/km/book/%e1%9e%94%e1%9f%92%e1%9e%9a%e1%9e%b6%e1%9e%87%e1%9f%92%e1%9e%89-%e1%9e%93%e1%9e%b7%e1%9e%84-%e1%9e%9f%e1%9e%b6%e1%9e%90%e1%9f%81/,,https://obione.io/wp-admin/admin.php?page=h5p&task=show&id=2861,2861
1504,"សំឃ្លាន",https://obione.io/wp-content/uploads/2020/10/2292-7c82e3c3967af7cd0fc0bc6c6c18d468-083b6064acb9983f2d01f2e06519e6ad-150x150.jpg,"សំឃ្លាន តែមិនដឹងថាតើមានអីញ៉ាំ? តើសំ អាចទាយឈ្មោះអាហារដែលក្រុមគ្រួសាររបស់គេ រៀបចំឱ្យដែរឬទេ?",km,1,The Asia Foundation,gdl,CC-BY-NC-4.0,https://digitallibrary.io/km/books/details/1504,Book,https://digitallibrary.io/km/books/embed/1504,https://obione.io/km/book/%e1%9e%9f%e1%9f%86%e1%9e%83%e1%9f%92%e1%9e%9b%e1%9e%b6%e1%9e%93/,,https://obione.io/wp-admin/admin.php?page=h5p&task=show&id=2862,2862
1501,"មិត្តល្អរបស់ខ្ញុំ",https://obione.io/wp-content/uploads/2020/10/2286-7c82e3c3967af7cd0fc0bc6c6c18d468-95f68f6bf77b1f7f4525ea7f945a80fa-150x150.jpg,"កុមារីម្នាក់ធំឡើងជាមួយមិត្តក្នុងការស្រមើស្រមៃរបស់នាង។",km,2,The Asia Foundation,gdl,CC-BY-4.0,https://digitallibrary.io/km/books/details/1501,Book,https://digitallibrary.io/km/books/embed/1501,https://obione.io/km/book/%e1%9e%98%e1%9e%b7%e1%9e%8f%e1%9f%92%e1%9e%8f%e1%9e%9b%e1%9f%92%e1%9e%a2%e1%9e%9a%e1%9e%94%e1%9e%9f%e1%9f%8b%e1%9e%81%e1%9f%92%e1%9e%89%e1%9e%bb%e1%9f%86/,,https://obione.io/wp-admin/admin.php?page=h5p&task=show&id=2859,2859
1502,"ជ្រូក ហាមចូល",https://obione.io/wp-content/uploads/2020/10/2288-7c82e3c3967af7cd0fc0bc6c6c18d468-e9006c9af885aa0910bffda2e48f6446-150x150.jpg,"រឿងនិទាននេះបានបង្ហាញយើងឱ្យឃើញថា ហេតុអ្វីសត្វជ្រូកមានច្រមុះសំប៉ែត។ តើរឿងនេះបានប្រាប់យើងពីអ្វីផ្សេងទៀត?",km,2,The Asia Foundation,gdl,CC-BY-3.0,https://digitallibrary.io/km/books/details/1502,Book,https://digitallibrary.io/km/books/embed/1502,https://obione.io/km/book/%e1%9e%87%e1%9f%92%e1%9e%9a%e1%9e%bc%e1%9e%80-%e1%9e%a0%e1%9e%b6%e1%9e%98%e1%9e%85%e1%9e%bc%e1%9e%9b/,,https://obione.io/wp-admin/admin.php?page=h5p&task=show&id=2860,2860
1499,"កណ្ដុរក្នុងផ្ទះ",https://obione.io/wp-content/uploads/2020/10/2282-7c82e3c3967af7cd0fc0bc6c6c18d468-9ffeb1fad62770a433ec9845655c0b2c-150x150.jpg,"កណ្ដុរមួយរត់ចូលក្នុងផ្ទះ ធ្វើឲ្យចលាចលពេញផ្ទះ។ នេះសកម្មភាពដ៏រំភើបគួរឲ្យចង់តាមដានមួយសម្រាប់កុមារតូចៗ។",km,2,The Asia Foundation,gdl,CC-BY-4.0,https://digitallibrary.io/km/books/details/1499,Book,https://digitallibrary.io/km/books/embed/1499,https://obione.io/km/book/%e1%9e%80%e1%9e%8e%e1%9f%92%e1%9e%8a%e1%9e%bb%e1%9e%9a%e1%9e%80%e1%9f%92%e1%9e%93%e1%9e%bb%e1%9e%84%e1%9e%95%e1%9f%92%e1%9e%91%e1%9f%87/,,https://obione.io/wp-admin/admin.php?page=h5p&task=show&id=2857,2857
1500,"អណ្តូងស្នប់",https://obione.io/wp-content/uploads/2020/10/2284-7c82e3c3967af7cd0fc0bc6c6c18d468-046195d4abbb203405baf1745239842d-150x150.jpg,"រាល់ថ្ងៃអណ្តូងស្នប់រវល់ខ្លាំងណាស់ក្នុងការផ្តល់ទឹក។ តើអ្នកគ្រប់គ្នាត្រូវការទឹកយកទៅធ្វើអ្វី?",km,1,The Asia Foundation,gdl,CC-BY-NC-4.0,https://digitallibrary.io/km/books/details/1500,Book,https://digitallibrary.io/km/books/embed/1500,https://obione.io/km/book/%e1%9e%a2%e1%9e%8e%e1%9f%92%e1%9e%8f%e1%9e%bc%e1%9e%84%e1%9e%9f%e1%9f%92%e1%9e%93%e1%9e%94%e1%9f%8b/,,https://obione.io/wp-admin/admin.php?page=h5p&task=show&id=2858,2858
1498,"គីង្គក់ឈ្មោះវួក",https://obione.io/wp-content/uploads/2020/10/2280-7c82e3c3967af7cd0fc0bc6c6c18d468-a98ca7cb70f3d67222ff1ac49561b0fe-150x150.jpg,"វួកជាគីង្គក់ដែលចង់ដើរផ្សងព្រេង ដូច្នេះ វាក៏ចាកចេញពីផ្ទះ។ តើវានឹងធ្វើអ្វី ហើយវានឹងជួបនរណា ក្នុងដំណើរផ្សងព្រេងរបស់វានោះ?",km,3,The Asia Foundation,gdl,CC-BY-4.0,https://digitallibrary.io/km/books/details/1498,Book,https://digitallibrary.io/km/books/embed/1498,https://obione.io/km/book/%e1%9e%82%e1%9e%b8%e1%9e%84%e1%9f%92%e1%9e%82%e1%9e%80%e1%9f%8b%e1%9e%88%e1%9f%92%e1%9e%98%e1%9f%84%e1%9f%87%e1%9e%9c%e1%9e%bd%e1%9e%80/,,https://obione.io/wp-admin/admin.php?page=h5p&task=show&id=2856,2856
1496,"កូស៊ី អ្នកស៊ើបអង្កេតចិត្តល្អ",https://obione.io/wp-content/uploads/2020/10/2276-7c82e3c3967af7cd0fc0bc6c6c18d468-88476d9d18ecf3a8bac1a57dd609a9a0-150x150.jpg,"ដោយសារមានពិលថ្មី និងកែវពង្រីក កុមារកូស៊ី ស្រមៃថាខ្លួនឯងជាអ្នកស៊ើបអង្កេត។ តោះ! ចូលរួមជាមួយកូស៊ី ទៅស្រាវជ្រាវក្នុងព្រៃ និងរកឃើញអ្វីថ្មីគួរឱ្យរំភើបចិត្ត។",km,2,The Asia Foundation,gdl,CC-BY-4.0,https://digitallibrary.io/km/books/details/1496,Book,https://digitallibrary.io/km/books/embed/1496,https://obione.io/km/book/%e1%9e%80%e1%9e%bc%e1%9e%9f%e1%9f%8a%e1%9e%b8-%e1%9e%a2%e1%9f%92%e1%9e%93%e1%9e%80%e1%9e%9f%e1%9f%8a%e1%9e%be%e1%9e%94%e1%9e%a2%e1%9e%84%e1%9f%92%e1%9e%80%e1%9f%81%e1%9e%8f%e1%9e%85%e1%9e%b7%e1%9e%8f/,,https://obione.io/wp-admin/admin.php?page=h5p&task=show&id=2854,2854
1497,"គម្រោងការណ៍របស់ស្រមោចតូច",https://obione.io/wp-content/uploads/2020/10/2278-7c82e3c3967af7cd0fc0bc6c6c18d468-667932344689d1da26b4c09975f57459-150x150.jpg,"ស្រមោចតូចចូលចិត្តអាន តែស្រមោចផ្សេងៗគិតថា ការអានគឺជារឿងឆ្កួតលលា។ តើការអានរបស់ស្រមោចតូចនឹងជួយអ្វីដល់ស្រមោចផ្សេងៗទៀត?",km,3,The Asia Foundation,gdl,CC-BY-4.0,https://digitallibrary.io/km/books/details/1497,Book,https://digitallibrary.io/km/books/embed/1497,https://obione.io/km/book/%e1%9e%82%e1%9e%98%e1%9f%92%e1%9e%9a%e1%9f%84%e1%9e%84%e1%9e%80%e1%9e%b6%e1%9e%9a%e1%9e%8e%e1%9f%8d%e1%9e%9a%e1%9e%94%e1%9e%9f%e1%9f%8b%e1%9e%9f%e1%9f%92%e1%9e%9a%e1%9e%98%e1%9f%84%e1%9e%85%e1%9e%8f/,,https://obione.io/wp-admin/admin.php?page=h5p&task=show&id=2855,2855
1495,"ខ្ញុំនឹងជួយឯង",https://obione.io/wp-content/uploads/2020/10/2274-7c82e3c3967af7cd0fc0bc6c6c18d468-b2d68010386e0e1259c03d0e34493e92-150x150.jpg,"មេក្រសារត្រូវការជំនួយ ហើយឡុងហ្គីលក៏មកជួយ។ តើមេក្រសារអាចជួយឡុងហ្គីលពេលដែលគេត្រូវការជំនួយវិញបានឬទេ?",km,3,The Asia Foundation,gdl,CC-BY-4.0,https://digitallibrary.io/km/books/details/1495,Book,https://digitallibrary.io/km/books/embed/1495,https://obione.io/km/book/%e1%9e%81%e1%9f%92%e1%9e%89%e1%9e%bb%e1%9f%86%e1%9e%93%e1%9e%b9%e1%9e%84%e1%9e%87%e1%9e%bd%e1%9e%99%e1%9e%af%e1%9e%84/,,https://obione.io/wp-admin/admin.php?page=h5p&task=show&id=2853,2853
1493,"បងឆ្មា បងឆ្កែ និងដំឡូងជ្វា",https://obione.io/wp-content/uploads/2020/10/2270-7c82e3c3967af7cd0fc0bc6c6c18d468-4bf2faae5ef08a39d3a075080c392cf4-150x150.jpg,"បងឆ្មា និងបងឆ្កែកំពុងឃ្លាន។​ តែពួកវាអាចស៊ីយ៉ាងម៉េចកើតទៅ បើដំឡូងបារាំងដ៏ឈ្ងុញឆ្ងាញ់រត់ទៅបាត់អ៊ីចឹង?",km,1,The Asia Foundation,gdl,CC-BY-4.0,https://digitallibrary.io/km/books/details/1493,Book,https://digitallibrary.io/km/books/embed/1493,https://obione.io/km/book/%e1%9e%94%e1%9e%84%e1%9e%86%e1%9f%92%e1%9e%98%e1%9e%b6-%e1%9e%94%e1%9e%84%e1%9e%86%e1%9f%92%e1%9e%80%e1%9f%82-%e1%9e%93%e1%9e%b7%e1%9e%84%e1%9e%8a%e1%9f%86%e1%9e%a1%e1%9e%bc%e1%9e%84%e1%9e%87%e1%9f%92/,,https://obione.io/wp-admin/admin.php?page=h5p&task=show&id=2851,2851
1494,"រាប់លេខ ហើយថាតាម",https://obione.io/wp-content/uploads/2020/10/2272-7c82e3c3967af7cd0fc0bc6c6c18d468-3d3621ce3508eadfaa1b063362e8e19a-150x150.jpg,"រាប់សត្វ និងវត្ថុ ពីមួយដល់ដប់។ មានអ្វីផ្សេងទៀតដែលជួយប្អូនឱ្យរាប់ដល់ដប់ទេ?",km,1,The Asia Foundation,gdl,CC-BY-NC-4.0,https://digitallibrary.io/km/books/details/1494,Book,https://digitallibrary.io/km/books/embed/1494,https://obione.io/km/book/%e1%9e%9a%e1%9e%b6%e1%9e%94%e1%9f%8b%e1%9e%9b%e1%9f%81%e1%9e%81-%e1%9e%a0%e1%9e%be%e1%9e%99%e1%9e%90%e1%9e%b6%e1%9e%8f%e1%9e%b6%e1%9e%98/,,https://obione.io/wp-admin/admin.php?page=h5p&task=show&id=2852,2852
1492,"បងឆ្មា បងឆ្កែ និងបងឆ្មា បងឆ្កែ និងដង្កូវ",https://obione.io/wp-content/uploads/2020/10/2268-7c82e3c3967af7cd0fc0bc6c6c18d468-a31d472bf8fcd29b8af99278a6abe639-150x150.jpg,"បងឆ្មានិងបងឆ្កែឃើញផ្លាកសញ្ញាមួយ។ ផ្លាកនោះ ចេះតែកែពាក្យមិនត្រឹមត្រូវសោះ! ស្រាប់តែ មានរឿងស្មានមិនដល់មួយកើតឡើង។",km,1,The Asia Foundation,gdl,CC-BY-4.0,https://digitallibrary.io/km/books/details/1492,Book,https://digitallibrary.io/km/books/embed/1492,https://obione.io/km/book/%e1%9e%94%e1%9e%84%e1%9e%86%e1%9f%92%e1%9e%98%e1%9e%b6-%e1%9e%94%e1%9e%84%e1%9e%86%e1%9f%92%e1%9e%80%e1%9f%82-%e1%9e%93%e1%9e%b7%e1%9e%84%e1%9e%94%e1%9e%84%e1%9e%86%e1%9f%92%e1%9e%98%e1%9e%b6/,,https://obione.io/wp-admin/admin.php?page=h5p&task=show&id=2850,2850
1491,"ប៊ុនទី និងពពុះសាប៊ូ",https://obione.io/wp-content/uploads/2020/10/2266-7c82e3c3967af7cd0fc0bc6c6c18d468-4a3783285f82519a15c134d3814dbb5a-150x150.jpg,"ប៊ុនទីមិនចូលចិត្តសាប៊ូទេ។ នាងតែងតែបដិសេធរឿងងូតទឹក។ យប់មួយ នាងបានយល់សប្ដិអាក្រក់។ តើនឹងមានរឿងអ្វីកើតឡើងបន្ទាប់ពីនោះ?",km,2,The Asia Foundation,gdl,CC-BY-4.0,https://digitallibrary.io/km/books/details/1491,Book,https://digitallibrary.io/km/books/embed/1491,https://obione.io/km/book/%e1%9e%94%e1%9f%8a%e1%9e%bb%e1%9e%93%e1%9e%91%e1%9e%b8-%e1%9e%93%e1%9e%b7%e1%9e%84%e1%9e%96%e1%9e%96%e1%9e%bb%e1%9f%87%e1%9e%9f%e1%9e%b6%e1%9e%94%e1%9f%8a%e1%9e%bc/,,https://obione.io/wp-admin/admin.php?page=h5p&task=show&id=2849,2849
1490,"ម៉ាស៊ីនដ៏អស្ចារ្យរបស់ជីដូនខ្ញុំ",https://obione.io/wp-content/uploads/2020/10/2264-7c82e3c3967af7cd0fc0bc6c6c18d468-f12997a21f12256313a580cfd85093d2-150x150.jpg,"សូរា និងជីដូនចូលចិត្តបង្កើតរបស់ថ្មីៗ! តោះ! ទៅមើលការបង្កើតថ្មីរបស់ពួកគេទាំងអស់គ្នា៖ ពួកគេប្រើម៉ាស៊ីនសាមញ្ញមួយដើម្បីធ្វើនំដូង!",km,2,The Asia Foundation,gdl,CC-BY-4.0,https://digitallibrary.io/km/books/details/1490,Book,https://digitallibrary.io/km/books/embed/1490,https://obione.io/km/book/%e1%9e%98%e1%9f%89%e1%9e%b6%e1%9e%9f%e1%9f%8a%e1%9e%b8%e1%9e%93%e1%9e%8a%e1%9f%8f%e1%9e%a2%e1%9e%9f%e1%9f%92%e1%9e%85%e1%9e%b6%e1%9e%9a%e1%9f%92%e1%9e%99%e1%9e%9a%e1%9e%94%e1%9e%9f%e1%9f%8b%e1%9e%87/,,https://obione.io/wp-admin/admin.php?page=h5p&task=show&id=2848,2848
